Codigo,Nombre,Organismo,Region,FechaCierre,Estado,PrimeraVez,UltimaVez
979-62-LE26,Adquisición de elementos de protección personal para funcionarios del Nivel Central,MINISTERIO DE OBRAS PUBLICAS DIREC CION GRAL DE OO PP DCYF,Región Metropolitana de Santiago,2026-10-14 15:01,Publicada,2026-10-09,2026-10-09
966131-58-LE26,FORTALECIMIENTO DE SISTEMA DE TELEVIGILANCIA PARA LA COMUNA DE CASTRO,I MUNICIPALIDAD DE CASTRO,Región de los Lagos ,2026-10-16 13:00,Publicada,2026-10-09,2026-10-10
956-61-LP26,Servicios de Mantenimiento Preventivo y Correctivo para los equipos del Sistema de Radiocomunicación UHF VHF y HF de la Red de Hospitales del Servicio de Salud Valparaíso y del Sistema de Atención Médica Móvil de Urgencia SAMU,SERVICIO DE SALUD VALPARAISO SAN ANTONIO,Región de Valparaíso ,2026-10-23 16:00,Publicada,2026-10-09,2026-10-10
953-21-LP26,Instalación Matriz Eléctrica Fotovoltaica CFAN,DELEGACIÓN PRESIDENCIAL REGIONAL DE COQUIMBO,Región de Coquimbo ,2026-10-27 15:00,Publicada,2026-10-09,2026-10-10
953-18-LE26,Serv. Telefonía IP e Internet Satelital CFAN,DELEGACIÓN PRESIDENCIAL REGIONAL DE COQUIMBO,Región de Coquimbo ,2026-10-13 15:30,Publicada,2026-10-09,2026-10-10
951-6-L126,"CONVENIO DE SUMINISTRO PARA LOS SERVICIOS MENORES DE GASFITERÍA, CARPINTERÍA, ELÉCTRICIDAD, PUNTO DE RED INFORMATICOS Y REPARACIONES MENORES PARA LA DELEGACIÓN PRESIDENCIAL REGIONAL DE TARAPACA",DELEGACIÓN PRESIDENCIAL REGIONAL DE TARAPACÁ,Región Metropolitana de Santiago,2026-10-13 16:30,Publicada,2026-10-09,2026-10-10
948354-147-LE26,ADQUISICIÓN DE ELEMENTOS DE PROTECCIÓN PERSONAL DE LA SECCIÓN PREVENCIÓN DE RIESGOS DEL HOSPITAL DIPRECA,FONDO HOSPITAL DE LA DIRECCION DE PREVISION DE CARABINEROS DE CHILE,Región Metropolitana de Santiago,2026-10-13 16:00,Publicada,2026-10-09,2026-10-09
932-32-LP26,SERVICIO DE SEGURIDAD: VIGILANTES Y MANTENCION CIRCUITO CERRADO DE TELEVISION CCTV PARA COMPLEJO DEPORTIVO HERMOGENES LIZANA Y DIRECCIÓN REGIONAL DEL INSTITUTO NACIONAL DE DEPORTES DE CHILE REGION LIBERTADOR GENERAL BERNARDO O´HIGGINS,INSTITUTO NACIONAL DE DEPORTES DE CHILE,Región del Libertador General Bernardo O´Higgins,2026-10-29 16:00,Publicada,2026-10-09,2026-10-10
918434-15-L126,"SERVICIO DE GASFITERÍA, MANTENCIÓN ELÉCTRICA, CARPINTERÍA, CERRAJERÍA Y TRABAJOS MENORES CORRECTIVOS (INCLUYE MATERIALES).",MINISTERIO DE LA MUJER Y LA EQUIDAD DE GÉNERO,Región Metropolitana de Santiago,2026-10-19 20:02,Publicada,2026-10-09,2026-10-10
906973-11-LP26,REPOSICIÓN ALUMBRADO PÚBLICO BOYERUCA,I MUNICIPALIDAD DE VICHUQUEN,Región del Maule ,2026-10-23 15:30,Publicada,2026-10-09,2026-10-10
905-34-LE26,CAMBIO RED ELÉCTRICA OFICINA SECTORIAL SAN FDO.,SERVICIO AGRICOLA Y GANADERO,Región del Libertador General Bernardo O´Higgins,2026-10-13 15:30,Publicada,2026-10-09,2026-10-10
895-23-LP26,CONSERV. ESTRUCTURAS METALICAS ESTAC. NIVOMETRICAS,MINISTERIO DE OBRAS PUBLICAS DIREC CION GRAL DE OO PP DCYF,Región de Coquimbo ,2026-10-27 16:00,Publicada,2026-10-09,2026-10-10
812799-39-LP26,NORMALIZACIÓN DE ALUMBRADO PÚBLICO CALETA HORNITOS LOCALIDAD DE HORNITOS COMUNA DE MEJILLONES,I MUNICIPALIDAD DE MEJILLONES,Región de Antofagasta ,2026-10-14 15:00,Publicada,2026-10-09,2026-10-10
729944-4-L126,Servicio de mantención preventiva y correctiva de grupo electrógeno para el edificio del Juzgado de Garantía y Tribunal de Juicio Oral en Lo Penal de Cañete.,CORP ADMINISTRATIVA DEL PODER JUDICIAL,Región del Biobío ,2026-10-09 16:00,Publicada,2026-10-09,2026-10-09
729587-1-L126,MANTENCIÓN GRUPO ELECTRÓGENO,CORP ADMINISTRATIVA DEL PODER JUDICIAL,Región del Biobío ,2026-10-28 16:21,Publicada,2026-10-09,2026-10-10
729531-1-L126,Mantención de sistema de alarma de incendio,CORP ADMINISTRATIVA DEL PODER JUDICIAL,Región del Biobío ,2026-10-27 15:30,Publicada,2026-10-09,2026-10-10
728-13-LE26,Servicio de automatización de Banco de Calibracion,INSTITUTO NACIONAL DE HIDRAULICA,Región Metropolitana de Santiago,2026-10-14 14:00,Publicada,2026-10-09,2026-10-10
727202-86-LE26,ADQUISICIÓN DE ELEMENTOS DE PROTECCIÓN PERSONAL,I MUNICIPALIDAD DE VICUNA,Región de Coquimbo ,2026-10-19 15:00,Publicada,2026-10-09,2026-10-09
712307-76-LE26,Consultoría para la Normalización y Mejoramiento de Sistemas Eléctricos Asociados a Rutas Peatonales ,SERVICIO DE VIVIENDA Y URBANIZACION IX REGION,Región de la Araucanía ,2026-10-13 15:01,Publicada,2026-10-09,2026-10-10
707429-34-LP26,REPOSICIÓN CUBIERTA Y ELECTRICO JI SAGRADA FAMILIA,FUNDACION EDUCACIONAL PARA EL DESAROLLO INTEGRAL DE LA NIÑEZ,Región Metropolitana de Santiago,2026-10-21 15:00,Publicada,2026-10-09,2026-10-10
707428-34-LP26,REPOSICIÓN SISTEMA ELÉCTRICO JI SOL NACIENTE,FUNDACION EDUCACIONAL PARA EL DESAROLLO INTEGRAL DE LA NIÑEZ,Región Metropolitana de Santiago,2026-10-22 16:00,Publicada,2026-10-09,2026-10-10
707428-33-LP26,REPOSICIÓN SISTEMA ELÉCTRICO JI PEÑALOLEN,FUNDACION EDUCACIONAL PARA EL DESAROLLO INTEGRAL DE LA NIÑEZ,Región Metropolitana de Santiago,2026-10-14 16:00,Publicada,2026-10-09,2026-10-10
707425-48-CO26,REPOSICIÓN SISTEMA ELECTRICO JI SC NUEVA CUMBRE,FUNDACION EDUCACIONAL PARA EL DESAROLLO INTEGRAL DE LA NIÑEZ,Región de los Lagos ,2026-10-13 17:00,Publicada,2026-10-09,2026-10-10
707423-69-LP26,REPOSICIÓN SISTEMA ELÉCTRICO JI JUAN PABLO II,FUNDACION EDUCACIONAL PARA EL DESAROLLO INTEGRAL DE LA NIÑEZ,Región de la Araucanía ,2026-10-14 15:00,Publicada,2026-10-09,2026-10-10
707422-33-LE26,REPOSICIÓN SISTEMA ELÉCTRICO JI LAS ARAUCARIAS,FUNDACION EDUCACIONAL PARA EL DESAROLLO INTEGRAL DE LA NIÑEZ,Región del Biobío ,2026-10-21 15:00,Publicada,2026-10-09,2026-10-10
707419-47-L126,"SERVICIO DE _MANTENCION DE EQUIPOS DE TERMOS ELECTRICO, PARA JARDINES INFANTILES DE LA QUINTA REGION DE VALPARAISO",FUNDACION EDUCACIONAL PARA EL DESAROLLO INTEGRAL DE LA NIÑEZ,Región de Valparaíso ,2026-10-16 17:30,Publicada,2026-10-09,2026-10-09
697209-4-LE26,PROVISIÓN E INSTALACIÓN DE UN GRUPO ELECTRÓGENO,MINISTERIO PUBLICO,Región Aysén del General Carlos Ibáñez del Campo,2026-10-15 16:00,Publicada,2026-10-09,2026-10-10
697202-13-LE26,PROVISIÓN Y MONTAJE DE GRUPO ELECTRÓGENO          ,MINISTERIO PUBLICO,Región de Valparaíso ,2026-10-26 19:30,Publicada,2026-10-09,2026-10-10
697-31-CO26,Serv. habilitación electrica para equipo trifasico,INSTITUTO ANTARTICO CHILENO,Región de Magallanes y de la Antártica,2026-10-14 17:00,Publicada,2026-10-09,2026-10-10
650-48-LP26,LP N°23-2026 Reposición Luminarias Villa Chica,SERVICIO DE VIVIENDA Y URBANIZACION II REGION,Región de Antofagasta ,2026-10-26 15:00,Publicada,2026-10-09,2026-10-10
622847-16-LE26,SUMINISTRO E INSTALACIÓN PLANTA SOLAR FOTOVOLTAICA,SERVICIO NACIONAL DEL PATRIMONIO CULTURAL,Región Metropolitana de Santiago,2026-10-13 15:01,Publicada,2026-10-09,2026-10-10
619133-119-LR26,SERVICIOS DE GUARDIAS DE SEGURIDAD SERVICIO DE MONITOREO Y VIGILANCIA MEDIANTE CCTV,SERVICIO SALUD SAN FELIPE LOS ANDES HOSP,Región de Valparaíso ,2026-11-09 17:30,Publicada,2026-10-09,2026-10-10
610-19-LE26,Base de datos Plexos del Sistema Eléctrico Nacional,Comisión Nacional de Energía,Región Metropolitana de Santiago,2026-10-09 16:00,Publicada,2026-10-09,2026-10-09
598-26-LE26,Licencia Automatización de Procesos IFM por 36 mes,DIRECCION PREVISION DE CARABINEROS DE CHILE,Región Metropolitana de Santiago,2026-10-23 09:30,Publicada,2026-10-09,2026-10-10
587-40-LE26,Selico 115-2026. Control de acceso y alarma,SUBSECRETARIA DEL MINISTERIO DE LA VIVIENDA Y URBANISMO,Región Metropolitana de Santiago,2026-10-19 15:10,Publicada,2026-10-09,2026-10-10
584105-40-LE26,ESTUDIO DE PESO EN VEHÍCULOS ELÉCTRICOS PESADOS,SUBSECRETARIA DE ENERGIA,Región Metropolitana de Santiago,2026-10-20 15:00,Publicada,2026-10-09,2026-10-09
584105-39-LE26,CONTRATACIÓN DE ELABORACIÓN Y EJECUCIÓN DE UN PLAN DE MEDIOS PARA LA DIFUSIÓN DE EFICIENCIA ENERGÉTICA PARA LA SUBSECRETARÍA DE ENERGÍA,SUBSECRETARIA DE ENERGIA,Región Metropolitana de Santiago,2026-10-19 15:01,Publicada,2026-10-09,2026-10-10
584105-38-LP26,ADQUISICIÓN E INSTALACIÓN DE SISTEMAS FOTOVOLTAICOS CON INYECCIÓN A LA RED EN EL MARCO DEL CONCURSO FONDO DE ACCESO A LA ENERGÍA FV-01-2026,SUBSECRETARIA DE ENERGIA,Región Metropolitana de Santiago,2026-10-23 15:00,Publicada,2026-10-09,2026-10-10
5684-13-LE26,Licencia de Software Cámaras de Vigilancia,UNIVERSIDAD DE CHILE,Región Metropolitana de Santiago,2026-10-09 18:00,Publicada,2026-10-09,2026-10-09
564162-130-LE26,CALIBRADOR DE PROBADOR ELÉCTRICO,UNIVERSIDAD DE SANTIAGO DE CHILE,Región Metropolitana de Santiago,2026-10-19 15:00,Publicada,2026-10-09,2026-10-10
552975-77-CO26,SERVICIO DE MANTENCIÓN PREVENTIVA Y REPARACIONES DE TERMOS A GAS Y ELECTRICOS,CORP DE DESARROLLO SOCIAL DE PROVIDENCIA,Región Metropolitana de Santiago,2026-10-09 16:00,Publicada,2026-10-09,2026-10-09
552010-11-LE26,SISTEMA ELECTRICO COMPLEJO RIO ENCUENTRO PALENA,DELEGACIÓN PRESIDENCIAL PROVINCIAL DE PALENA,Región de los Lagos ,2026-10-19 15:30,Publicada,2026-10-09,2026-10-10
548874-85-LE26,MANTENCIÓN ELÉCTRICA IPS VALLENAR,INSTITUTO DE PREVISION SOCIAL,Región de Atacama ,2026-10-22 15:30,Publicada,2026-10-09,2026-10-10
548874-83-LP26,SERVICIO SUMINISTRO CERRAJERÍA CONTROL DE ACCESO ,INSTITUTO DE PREVISION SOCIAL,Región Metropolitana de Santiago,2026-10-14 15:30,Publicada,2026-10-09,2026-10-10
5482-97-LE26,“EJECUCIÓN TRABAJOS ELECTRICIDAD ILUMINACIÓN CORRIENTES DÉBILES SANITARIO Y CLIMA SECTOR CENTRAL 3° PISO EDIFICIO CONSISTORIAL”.,I MUNICIPALIDAD DE NUNOA,Región Metropolitana de Santiago,2026-10-14 09:00,Publicada,2026-10-09,2026-10-10
5441-12-LP26,Generador 500 kVA y Tablero de Transf. Autom. 800A,UNIVERSIDAD DE CHILE,Región Metropolitana de Santiago,2026-11-02 15:01,Publicada,2026-10-09,2026-10-09
5360-7-LE26,Adq e inst de sistema de radiocomunicación UHF,UNIVERSIDAD DE TARAPACA,Región de Arica y Parinacota,2026-10-19 16:00,Publicada,2026-10-09,2026-10-10
5360-5-LP26,SERVICIOS DE ELECTRICIDAD Y DATOS UTA - ARICA,UNIVERSIDAD DE TARAPACA,Región de Arica y Parinacota,2026-10-27 16:00,Publicada,2026-10-09,2026-10-10
5349-128-L126,ADQUISICIÓN DE UN EXTRACTOR DE LECHE ELÉCTRICO Y DIEZ SET DE EXTRACCIÓN DE LECHE MATERNA PARA EL HOSPITAL PROVINCIAL DEL HUASCO,HOSPITAL PROVINCIAL   DEL HUASCO MSR FERNANDO ARIZTIA RUIZ,Región de Atacama ,2026-10-16 15:00,Publicada,2026-10-09,2026-10-10
525512-40-LS26,SSPPEE Sist. Fotovoltaico Híbrido Mauque Colchane,I MUNICIPALIDAD DE COLCHANE,Región de Tarapacá  ,,Publicada,2026-10-09,2026-10-10
523059-11-LE26,LEVANTAMIENTO Y DIAGNÓSTICO ELECTRICO DEL OVDAS,SERVICIO NACIONAL DE GEOLOGIA Y MINERIA,Región de la Araucanía ,2026-10-13 15:01,Publicada,2026-10-09,2026-10-10
5178-19-LE26,NORMALIZACIÓN ELECTRICA DE LABORATORIO Y SALA,UNIVERSIDAD DE CHILE,Región Metropolitana de Santiago,2026-10-21 16:00,Publicada,2026-10-09,2026-10-10
514862-134-LR26,SISTEMA TELECOMUNICACIONES CORMUP 10032998,CORPORACION MUNICIPAL DE PENALOLEN PARA EL DESARROLO SOCIAL CORMUP,Región Metropolitana de Santiago,2026-11-09 15:01,Publicada,2026-10-09,2026-10-10
4993-78-LP26,Reposición De Luminarias Y Construcción De Tres Paraderos En Calle Prat Comuna De Cholcho.,MUNICIPALIDAD DE CHOLCHOL,Región de la Araucanía ,2026-10-16 15:30,Publicada,2026-10-09,2026-10-10
4858-64-LE26,ADQUISICIÓN MATERIALES ELÉCTRICOS PARA ALUMBRADO,I MUNICIPALIDAD DE TIRUA,Región del Biobío ,2026-10-13 15:10,Publicada,2026-10-09,2026-10-10
4794-5-LP26,INSPECCIÓN TÉCNICA DE OBRAS HCD FAVET,UNIVERSIDAD DE CHILE,Región Metropolitana de Santiago,2026-11-10 15:00,Publicada,2026-10-09,2026-10-10
4629-28-LE26,SISTEMA DE CONTROL DE ACCESO DT,DIRECCION DEL TRABAJO,Región Metropolitana de Santiago,2026-10-13 15:05,Publicada,2026-10-09,2026-10-10
4511-56-LP26,“Construcción Sistema de Alumbrado Peatonal Copihue Retiro”,ILUSTRE MUNICIPALIDAD DE RETIRO,Región del Maule ,2026-11-05 15:01,Publicada,2026-10-09,2026-10-10
45-50-LE26,SERVICIOS GENERALES DE MANTENCIÓN PREVENTIVA Y CORRECTIVA DE EQUIPAMIENTO DE AIRE DE PRECISIÓN TABLEROS ELÉCTRICOS Y SISTEMA DE ALIMENTACIÓN ELÉCTRICA ININTERRUMPIDA DE PODER UPS Y TABLERO BY PASS PARA ÁREA DE DATA CENTER DE SENCE,SERVICIO NACIONAL DE CAPACITACION Y EMPLEO,Región Metropolitana de Santiago,2026-10-21 15:01,Publicada,2026-10-09,2026-10-10
4483-25-LP26,AMPLIACION DEL SISTEMA DE TELEVIGILANCIA TIERRA AMARILLA,I MUNICIPALIDAD DE TIERRA AMARILLA,Región de Atacama ,2026-11-09 15:30,Publicada,2026-10-09,2026-10-10
4474-14-LE26,MANO DE OBRA Y SERVICIOS ELECTRICOS,Ilustre Municipalidad de Contulmo,Región del Biobío ,2026-10-13 15:31,Publicada,2026-10-09,2026-10-10
4469-196-L126,SC 40626 (JRA) - ADQ DE SERVIDOR Y UPS VICEACA UPA 24991.,UNIVERSIDAD DE PLAYA ANCHA DE CIENCIAS DE LA EDUCACION,Región Metropolitana de Santiago,2026-10-09 15:00,Publicada,2026-10-09,2026-10-09
4469-195-L126,"S.C. N° 40583 - 40585 (P.C) ADQUISICIÓN TABLERO SENSORIAL , SET DE PSICOMOTRICIDAD Y OTROS - PROYECTO FIEP 2025 ; JARDIN INFANTIL ; UPLA",UNIVERSIDAD DE PLAYA ANCHA DE CIENCIAS DE LA EDUCACION,Región Metropolitana de Santiago,2026-10-09 11:00,Publicada,2026-10-09,2026-10-09
4464-46-LE26,ADQUISICIÓN DE ADQUISICIÓN DE EQUIPOS ELÉCTRICOS PARA LA UNIDAD DE ELECTRICIDAD DEL HOSPITAL DE CURICÓ,SERVICIO DE SALUD DEL MAULE HOSPITAL DE CURICO,Región del Maule ,2026-10-19 18:35,Publicada,2026-10-09,2026-10-10
4301-62-LP26,Adquisición de 2.000 cámaras de seguridad,I MUNICIPALIDAD DE ZAPALLAR,Región de Valparaíso ,2026-10-13 15:01,Publicada,2026-10-09,2026-10-10
4290-65-LE26,Adq. e implementación sistema de televigilancia,I MUNICIPALIDAD DE LIMACHE,Región de Valparaíso ,2026-10-19 16:00,Publicada,2026-10-09,2026-10-10
4284-155-L126,Servicios de asesorías técnicas especializada en alimentación y manejo sanitario de aves para producción de carne y huevos y taller de implementación de sistema de automatización riego para usuarios PRODESAL - unidad operativa comunal Cunco según bases a,I MUNICIPALIDAD DE CUNCO,Región de la Araucanía ,2026-10-13 15:01,Publicada,2026-10-09,2026-10-10
425-36-LP26,ITO Reemplazo sist de Climatización VRF Juzg Stgo,CORP ADMINISTRATIVA DEL PODER JUDICIAL,Región Metropolitana de Santiago,2026-10-09 16:00,Publicada,2026-10-09,2026-10-09
4192-55-LP26,HABILITACIÓN ILUMINACIÓN ACCESO A LORETO CALDERA,I MUNICIPALIDAD DE CALDERA,Región de Atacama ,2026-10-26 15:00,Publicada,2026-10-09,2026-10-10
4168-87-LP26,CONVENIO DE SUMINISTRO AMPLIFICACIÓN ILUMINACIÓN PANTALLA LED Y COMPLEMENTARIOS,ILUSTRE MUNICIPALIDAD DE COLBUN,Región del Maule ,2026-10-22 17:33,Publicada,2026-10-09,2026-10-10
407-130-LP26,MANTENIMIENTO SISTEMAS UPS,HOSPITAL GUILLERMO GRANT BENAVENTE DE CO,Región del Biobío ,2026-10-27 15:00,Publicada,2026-10-09,2026-10-10
4063-13-LP26,NORMALIZACIÓN CÁMARAS TELEVIGILANCIA Y REPOSICIÓN SEÑALÉTICA DE CALLES DISTINTOS SECTORES,I MUNICIPALIDAD DE MARIQUINA,Región de Los Ríos,2026-10-22 15:30,Publicada,2026-10-09,2026-10-10
4063-11-LP26,CONSTRUCCIÓN BRIGADA DE EMERGENCIA LOCALIDAD DE ESTACIÓN MARIQUINA Y CENTRO DE PROTECCIÓN CIVIL LOCALIDAD DE RUCACO MARIQUINA ,I MUNICIPALIDAD DE MARIQUINA,Región de Los Ríos,2026-11-02 15:30,Publicada,2026-10-09,2026-10-09
4031-17-LP26,SISTEMA DE CAMARAS DE TELEVIGILANCIA COMUNA CAMIÑA,ILUSTRE MUNICIPALIDAD DE CAMINA,Región de Tarapacá  ,2026-10-30 15:00,Publicada,2026-10-09,2026-10-10
3997-63-LP26,SERVICIO DE MANTENCIÓN DE ALUMBRADO PÚBLICO 2026– 2028 COMUNA DE COLTAUCO,I MUNICIPALIDAD DE COLTAUCO,Región del Libertador General Bernardo O´Higgins,2026-10-29 15:00,Publicada,2026-10-09,2026-10-10
3994-26-LP26,CONST. LUMINARIAS RUTA H-410 OLIVAR ALTO,I MUNICIPALIDAD DE OLIVAR,Región del Libertador General Bernardo O´Higgins,2026-10-13 15:30,Publicada,2026-10-09,2026-10-10
3934-44-L126,ADQUISICION IMPRESORAS SCANNER Y UPS ESTABLECIMIENTOS DE SALUD,I MUNICIPALIDAD DE FREIRE,Región de la Araucanía ,2026-10-14 15:16,Publicada,2026-10-09,2026-10-10
3898-17-LE26,INSTALACION LUMINARIAS PEATONALES SECTOR ESPOLON,I MUNICIPALIDAD DE FUTALEUFU,Región de los Lagos ,2026-10-16 17:00,Publicada,2026-10-09,2026-10-10
3882-86-LS26,Asesoria a la Inspección tecnica de Obras Civiles CONSERVACIÓN CALLES JOSÉ MIGUEL CARRERA ANDRÉS BELLO Y ALCIDES VARGAS LLAY LLAY,I MUNICIPALIDAD DE LLAY LLAY,Región de Valparaíso ,2026-10-18 15:00,Publicada,2026-10-09,2026-10-10
3880-73-LE26,MANTENCION LUMINARIAS LED DE LA COMUNA 2026 DOM,I MUNICIPALIDAD DE MAULE,Región del Maule ,2026-10-15 15:00,Publicada,2026-10-09,2026-10-10
3833-62-LE26,SERVICIO CONSERVACION CAMARAS DE TELEVIGILANCIAS,I MUNICIPALIDAD DE RIO BUENO,Región de Los Ríos,2026-10-16 19:56,Publicada,2026-10-09,2026-10-10
3824-25-LP26,ALUMBRADO JOSE MORALES NVA ESTRELLA HORTENCIAS,I MUNICIPALIDAD DE PADRE HURTADO,Región Metropolitana de Santiago,2026-10-26 15:05,Publicada,2026-10-09,2026-10-10
3813-22-LR26,REPOSICIÓN E INTALACIÓN DE LUMINARIAS PÚBLICAS,I MUNICIPALIDAD DE ISLA DE MAIPO,Región Metropolitana de Santiago,2026-10-27 10:00,Publicada,2026-10-09,2026-10-10
3798-21-LE26,INSTALACIÓN SISTEMA DE ALUMBRADO PÚBLICO EMPEDRADO ID PROYECTO 7104250703-C FINANCIADO CON RECURSOS DEL PROGRAMA MEJORAMIENTO DE BARRIOS E76042026,I MUNICIPALIDAD DE EMPEDRADO,Región del Maule ,2026-10-29 12:00,Publicada,2026-10-09,2026-10-10
3768-20-LP26,Construcción Alumbrado Público Fotovoltaico,I MUNICIPALIDAD DE QUINCHAO,Región de los Lagos ,2026-10-29 10:00,Publicada,2026-10-09,2026-10-10
3764-56-LE26,SUM. MANTENCIÓN Y REPARACIÓN ALUMBRADO PÚBLICO,I MUNICIPALIDAD DE NANCAGUA,Región del Libertador General Bernardo O´Higgins,2026-10-19 15:02,Publicada,2026-10-09,2026-10-10
3705-35-LP26,PROYECTO ELÉCTRICO PARA EL EDIFICIO CONSISTORIAL DE LA MUNICIPALIDAD DE LOS SAUCES,I MUNICIPALIDAD DE LOS SAUCES,Región de la Araucanía ,2026-10-22 12:00,Publicada,2026-10-09,2026-10-10
3695-37-LE26,CONSERVACIÓN DE EMERGENCIA ELECTRICA ESCUELA TENO PRIMER CICLO COMUNA DE TENO,I MUNICIPALIDAD DE TENO,Región del Maule ,2026-10-13 15:05,Publicada,2026-10-09,2026-10-10
3666-14-LE26,MÁS ILUMINACIÓN MÁS SEGURIDAD TILTIL,I MUNICIPALIDAD DE TIL TIL,Región Metropolitana de Santiago,2026-10-30 15:00,Publicada,2026-10-09,2026-10-10
3665-10-LE26,MANTENCION DATA CENTER RACK COM. Y AMPL. RED WIFI,I MUNICIPALIDAD DE TIL TIL,Región Metropolitana de Santiago,2026-10-14 09:00,Publicada,2026-10-09,2026-10-10
3656-163-LE26,ADQUISICION LUMINARIAS DE ALUMBRADO PUBLICO SECTORES VARIOS COMUNA DE REQUÍNOA,I MUNICIPALIDAD DE REQUINOA,Región del Libertador General Bernardo O´Higgins,2026-10-13 15:30,Publicada,2026-10-09,2026-10-10
3612-23-LP26,REPOSICIÓN DE VEREDAS Y CONSTRUCCIÓN DE ILUMINACIÓN CALLE SAN SEBASTIÁN ENTRE 8 DE OCTUBRE Y 18 DE SEPTIEMBRE COMUNA DE SAAVEDRA,I MUNICIPALIDAD DE SAAVEDRA,Región de la Araucanía ,2026-10-30 18:00,Publicada,2026-10-09,2026-10-10
3573-49-LP26,RECAMBIO DE LUMINARIAS CIUDAD DE PANGUIPULLI ZONA PONIENTE,I MUNICIPALIDAD DE PANGUIPULLI,Región de Los Ríos,2026-10-09 15:30,Publicada,2026-10-09,2026-10-09
3516-50-LR26,SER INTERNET FIBRA ÓPTICA PARA MUN CARAHUE,I MUNICIPALIDAD DE CARAHUE,Región de la Araucanía ,2026-11-06 09:00,Publicada,2026-10-09,2026-10-10
3489-33-LP26,Servicio Mantención Alumbrado Público y otros,I MUNICIPALIDAD DE NUEVA IMPERIAL,Región de la Araucanía ,2026-10-14 13:00,Publicada,2026-10-09,2026-10-10
3436-104-L126,Servicio de mantenimiento y reparación de circuito de CCTV  CC 1100065012SIC 353220 ,DIVISION LOGISTICA DEL EJERCITO,Región de Valparaíso ,2026-10-13 15:12,Publicada,2026-10-09,2026-10-10
3348-4-LE26,Contratación del Servicio de Retiro Transporte y Eliminación de Residuos Especiales y Peligros para el CCM Arica.,DIVISION LOGISTICA DEL EJERCITO,Región de Arica y Parinacota,2026-10-14 13:19,Publicada,2026-10-09,2026-10-10
3334-24-LE26,Suministro reparaciones mécanicas y eléctricas,I MUNICIPALIDAD DE LA UNION,Región de Los Ríos,2026-10-14 16:30,Publicada,2026-10-09,2026-10-10
3328-106-LE26,VAG161108MANTTO 02 GRUPOS ELECTROGENOSDAG,FUERZA AEREA DE CHILE COMANDO LOGISTICO,Región Metropolitana de Santiago,2026-10-19 17:29,Publicada,2026-10-09,2026-10-10
3320-33-LE26,077 143174 MANTTO PREVENTIVO UPS CEN,FUERZA AEREA DE CHILE COMANDO LOGISTICO,Región Metropolitana de Santiago,2026-10-16 12:00,Publicada,2026-10-09,2026-10-10
3296-19-LP26,CONSTRUCCION ALUMBRADO AUTONOMO EN CAMINOS INTERIORES CURACO DE VELEZ,I MUNICIPALIDAD DE CURACO DE VELEZ,Región de los Lagos ,2026-10-22 19:55,Publicada,2026-10-09,2026-10-10
3291-3-LE26,JENABIEN - RENOVACION BAÑO Y NORMALIZACION ELECTRICA VF COQUIMBO,POLICIA DE INVESTIGACIONES DE CHILE,Región Metropolitana de Santiago,2026-10-13 15:00,Publicada,2026-10-09,2026-10-10
3253-91-LE26,GENERADOR ELECTRICO Y CARRO DE ARRASTRE,I MUNICIPALIDAD DE PELLUHUE,Región del Maule ,2026-10-16 15:00,Publicada,2026-10-09,2026-10-10
3211-12-LP26,INSTALACIÓN DE LUMINARIAS LED CALLE RODRÍGUEZ,I MUNICIPALIDAD DE COLLIPULLI,Región de la Araucanía ,2026-11-04 15:30,Publicada,2026-10-09,2026-10-10
3134-99-LE26,SERVIDOR DE MONTAJE EN RACK ESTÁNDAR DE 19 PULGADA,DIRECCION DE ABASTECIMIENTO DE LA ARMADA,Región de Valparaíso ,2026-10-19 16:00,Publicada,2026-10-09,2026-10-10
3090-11-L126,"RETIRO, PROVISIÓN E INSTALACIÓN DE TABLERO Y EMPALME ELECTRICO",DIRECCION DE ABASTECIMIENTO DE LA ARMADA,Región del Biobío ,2026-10-16 16:15,Publicada,2026-10-09,2026-10-10
2963-36-LR26,MEJORAMIENTO SISTEMA DE LUMINARIAS PÚBLICAS,I MUNICIPALIDAD DE LA GRANJA,Región Metropolitana de Santiago,2026-11-20 15:30,Publicada,2026-10-09,2026-10-10
2963-34-LR26,SERVICIO DE MANTENCIÓN DE ALUMBRADO PÚBLICO,I MUNICIPALIDAD DE LA GRANJA,Región Metropolitana de Santiago,2026-10-26 15:30,Publicada,2026-10-09,2026-10-10
2928-23-LP26,CONSTRUCCIÓN CÁMARAS DE TELEVIGILANCIA QUELLÓN,Ilustre Municipalidad De Quellón,Región de los Lagos ,2026-10-27 10:00,Publicada,2026-10-09,2026-10-10
2904-23-LP26,CONSTRUCCIÓN DE ALUMBRADO EN EL ESPACIO PÚBLICO SECTOR CHAQUEIHUA COMUNA HUALAIHUÉ,I MUNICIPALIDAD DE HUALAIHUE,Región de los Lagos ,2026-10-21 15:00,Publicada,2026-10-09,2026-10-10
2827-95-LR26,CONTRATO DE SERVS SONIDOS ILUMINACION AUDIOVISUAL,I MUNICIPALIDAD DE CONSTITUCION,Región del Maule ,2026-10-14 16:00,Publicada,2026-10-09,2026-10-10
2775-120-LE26,ADQUISICIÓN SUMINISTRO TRASLADO Y PUESTA EN MARCHA DE GRUPO ELECTRÓGENO DIÉSEL INSONORIZADO 100 KVA80 KW DE POTENICA PRIME Y 110 KVA88 KW DE POTENCIA STANBY 230400 VOLT 50 HZ 1500 RPM,I MUNICIPALIDAD DE RENGO,Región del Libertador General Bernardo O´Higgins,2026-10-19 15:01,Publicada,2026-10-09,2026-10-10
2770-153-LE26,SUMINISTRO DE COMBUSTIBLE PARA MAQUINARIA Y GRUPOS ELECTRÓGENOS DE LA I. MUNICIPALIDAD DE MAIPÚ,I MUNICIPALIDAD DE MAIPU,Región Metropolitana de Santiago,2026-10-20 12:00,Publicada,2026-10-09,2026-10-10
2767-34-LP26,INSTALACIÓN LUMINARIAS SOLARES,I MUNICIPALIDAD DE LA CISTERNA,Región Metropolitana de Santiago,2026-10-13 15:30,Publicada,2026-10-09,2026-10-10
2760-118-LR26,SERVICIOS DE TELECOMUNICACIONES Y OTROS SERVICIOS INFORMÁTICOS PARA LA MUNICIPALIDAD DE CORONEL,I MUNICIPALIDAD DE CORONEL,Región del Biobío ,2026-10-15 15:00,Publicada,2026-10-09,2026-10-10
2755-35-LR26,CONTRATO MANTENIMIENTO SISTEMA ALUMBRADO PÚBLICO,I MUNICIPALIDAD DE SAN ANTONIO,Región de Valparaíso ,2026-10-29 17:00,Publicada,2026-10-09,2026-10-10
2741-69-LP26,NUEVAS ESTACIONES DE TELEVIGILANCIA PLAZA DE ARMA,I MUNICIPALIDAD DE SAN FELIPE,Región de Valparaíso ,2026-10-29 12:00,Publicada,2026-10-09,2026-10-10
2736-40-LE26,Materiales eléctricos,I MUNICIPALIDAD DE ANGOL,Región de la Araucanía ,2026-10-19 19:54,Publicada,2026-10-09,2026-10-10
2735-167-LE26,ENLACE DE DATOS FARELLONES MUN. LO BARNECHEA,I MUNICIPALIDAD LO BARNECHEA,Región Metropolitana de Santiago,2026-10-09 12:30,Publicada,2026-10-09,2026-10-09
2735-142-LR26,SUMINISTRO ENERGÍA ELÉCTRICA CLIENTE LIBRE LB.,I MUNICIPALIDAD LO BARNECHEA,Región Metropolitana de Santiago,2026-10-28 15:31,Publicada,2026-10-09,2026-10-10
2723-71-LR26,Servicio de Radiocomunicaciones Municipalidad de Buin,I MUNICIPALIDAD DE BUIN,Región Metropolitana de Santiago,2026-10-29 10:45,Publicada,2026-10-09,2026-10-10
2723-68-LE26,“Servicio de Instalación y Distribución Eléctrica para Fiesta de las Flores 2026”.,I MUNICIPALIDAD DE BUIN,Región Metropolitana de Santiago,2026-10-09 10:45,Publicada,2026-10-09,2026-10-09
2713-180-LP26,Señaleticas y Paneles Ruta Las Cascadas Aysén,I MUNICIPALIDAD DE AYSEN,Región Aysén del General Carlos Ibáñez del Campo,2026-10-29 15:00,Publicada,2026-10-09,2026-10-09
2709-83-LE26,ADQUISICION DE MATERIALES PARA MANTENCION DE ALUMBRADO PUBLICO,MUNICIPALIDAD DE OVALLE,Región de Coquimbo ,2026-10-09 14:00,Publicada,2026-10-09,2026-10-09
2709-81-LP26,ADQUISICION INSTALACION Y CONFIGURACION DE SERVIDOR Y CAMARAS DE TELEVIGILANCIA EN LA COMUNA DE OVALLE,MUNICIPALIDAD DE OVALLE,Región de Coquimbo ,2026-10-27 14:00,Publicada,2026-10-09,2026-10-10
2709-63-LP26,CONSTRUCCIÓN ALUMBRADO PÚBLICO SECTOR URBANO Y RURAL DE LA COMUNA DE OVALLE CÓDIGO BIP 40073483-0,MUNICIPALIDAD DE OVALLE,Región de Coquimbo ,2026-11-03 14:00,Publicada,2026-10-09,2026-10-10
2704-84-LP26,SERVICIO DE TELECOMUNICACIONES - SC 4453,UNIVERSIDAD DEL BIO BIO,Región del Biobío ,2026-10-27 18:00,Publicada,2026-10-09,2026-10-10
2686-129-LE26,“SERVICIO DE INSTALACIÓN CCTV Y ALARMAS DE LA MUNI,I MUNICIPALIDAD DE COLINA,Región Metropolitana de Santiago,2026-10-13 15:10,Publicada,2026-10-09,2026-10-10
2684-55-LE26,PP Nº54-2026 “SERVICIO DE CATASTRO MUNICIPAL DE LUMINARIAS Y POSTES DE ALUMBRADO PÚBLICO EN LA COMUNA DE VILLA ALEMANA”,I MUNICIPALIDAD DE VILLA ALEMANA,Región de Valparaíso ,2026-10-22 15:00,Publicada,2026-10-09,2026-10-10
2673-52-LR26,Servicio de Internet Firewall y Telefonía IP,ILUSTRE MUNICIPALIDAD DE MELIPILLA,Región Metropolitana de Santiago,2026-10-19 15:00,Publicada,2026-10-09,2026-10-10
2663-87-L126,"ADQUISICIÓN DE BINGO NUMÉRICO ELÉCTRICO PROFESIONAL, TÓMBOLA Y CARTONES",ILUSTRE MUNICIPALIDAD DE NATALES,Región Metropolitana de Santiago,2026-10-16 17:00,Publicada,2026-10-09,2026-10-10
2658-333-L126,LUMINARIAS,I MUNICIPALIDAD DE ANCUD,Región Metropolitana de Santiago,2026-10-09 18:49,Publicada,2026-10-09,2026-10-09
2597-27-LR26,SERVICIO INTEGRAL DE TELEVIGILANCIA Y GUARDIAS,I MUNICIPALIDAD DE CONCON,Región de Valparaíso ,2026-10-19 15:00,Publicada,2026-10-09,2026-10-10
2594-25-LP26,MANTENCION ALUMBRADO PUBLICO CONCON,I MUNICIPALIDAD DE CONCON,Región de Valparaíso ,2026-10-20 10:04,Publicada,2026-10-09,2026-10-10
2591-172-LE26,ASESORÍA A LA INSPECCIÓN TÉCNICA DE OBRA AITO,ILUSTRE MUNICIPALIDAD DE POZO ALMONTE,Región de Tarapacá  ,2026-10-13 15:01,Publicada,2026-10-09,2026-10-10
2585-140-LE26,ADQ. ELEMENTOS PARA ALUMBRADO PÚBLICO DIMAO ORD N° 8612026 LSV IMA,I MUNICIPALIDAD DE ARICA,Región de Arica y Parinacota,2026-10-09 15:00,Publicada,2026-10-09,2026-10-09
2581-41-LR26,PUESTA A PUNTO ACTUALIZACIÓN Y MANTENCIÓN DEL SISTEMA COMUNAL DE TELEVIGILANCIA DE CONCHALÍ,I MUNICIPALIDAD DE CONCHALI,Región Metropolitana de Santiago,2026-10-26 15:00,Publicada,2026-10-09,2026-10-10
2564-28-LE26,RECAMBIO E INSTALACIÓN DE LUMINARIA VARIOS SEC.,I MUNICIPALIDAD DE CHEPICA,Región del Libertador General Bernardo O´Higgins,2026-10-23 12:00,Publicada,2026-10-09,2026-10-10
2562-30-LP26,ADQUISICIÓN DE SISTEMA UPS PARA EL AP. AMB,DIRECCION GENERAL DE AERONAUTICA CIVIL,Región Metropolitana de Santiago,2026-10-15 15:01,Publicada,2026-10-09,2026-10-10
2546-58-LE26,PROP PUBL N84 HERRAMIENTAS ELECTRICAS Y MANUALES,I MUNICIPALIDAD DE PADRE LAS CASAS,Región de la Araucanía ,2026-10-19 15:30,Publicada,2026-10-09,2026-10-10
2490-98-LE26,CONSTRUCCION DE SISTEMAS DE PANELES SOLARES PARA EL CAFÉ LITERARIO SANTA ISABEL,I MUNICIPALIDAD DE PROVIDENCIA,Región Metropolitana de Santiago,2026-10-30 15:00,Publicada,2026-10-09,2026-10-10
2490-94-LR26,SERVICIO INTEGRAL DE SOPORTE Y MANTENCIÓN DEL SISTEMA TELEVIGILANCIA COMUNAL PERIODO 2026-2030,I MUNICIPALIDAD DE PROVIDENCIA,Región Metropolitana de Santiago,2026-11-06 12:00,Publicada,2026-10-09,2026-10-10
2446-294-LP26,PROPUESTA PÚBLICA N°222-2026 MATERIALES ELÉCTRICOS,I MUNICIPALIDAD DE COQUIMBO,Región de Coquimbo ,2026-10-22 10:00,Publicada,2026-10-09,2026-10-10
2446-288-LE26,MATERIALES PARA PROTECCION DE INFRAESTRUCTURA,I MUNICIPALIDAD DE COQUIMBO,Región de Coquimbo ,2026-10-19 15:30,Publicada,2026-10-09,2026-10-09
2434-25-LR26,MEJORAMIENTO SISTEMA ALUMBRADO PÚBLICO,I MUNICIPALIDAD ESTACION CENTRAL,Región Metropolitana de Santiago,2026-11-16 15:00,Publicada,2026-10-09,2026-10-10
2430-85-LP26,“NORMALIZACIÓN ALUMBRADO PÚBLICO SECTOR CALETA ERRAZURIZ Y CALETA CONSTITUCIÓN SANTA MARÍA COMUNA DE ANTOFAGASTA”,I MUNICIPALIDAD DE ANTOFAGASTA,Región de Antofagasta ,2026-10-26 15:01,Publicada,2026-10-09,2026-10-10
2427-84-LE26,Suministro instalación implementación configuración rotulación de sistema de televigilancia para 22 cámaras IP - Tecnología,I MUNICIPALIDAD DE VALPARAISO,Región de Valparaíso ,2026-10-13 15:30,Publicada,2026-10-09,2026-10-10
2426-51-LR26,MEJORAMIENTO PARQUE DE ALUMBRADO PÚBLICO ETAPA 1,I MUNICIPALIDAD DE VALPARAISO,Región de Valparaíso ,2026-12-01 17:00,Publicada,2026-10-09,2026-10-10
2426-45-LP26,MEJORAMIENTO ALUMBRADO PÚBLICO CERRO YUNGAY,I MUNICIPALIDAD DE VALPARAISO,Región de Valparaíso ,2026-10-23 16:00,Publicada,2026-10-09,2026-10-10
2424-89-L126,SERVICIO DE MANTENIMIENTO DEL SISTEMA DE ALARMAS CONTRA INCENDIOS DEL TEATRO MUNICIPAL DE VIÑA DEL MAR - 120 - 4013 - (V.D.V.),I MUNICIPALIDAD DE VINA DEL MAR,Región de Valparaíso ,2026-10-16 15:30,Publicada,2026-10-09,2026-10-10
2424-62-LP26,SERVICIO NORMALIZACION SUMINISTRO E INSTALACION ELECTRICA EN CENTRO DEPORTIVO EL BOSQUE - 91 -2923,I MUNICIPALIDAD DE VINA DEL MAR,Región de Valparaíso ,2026-10-13 15:30,Publicada,2026-10-09,2026-10-10
2423-67-LE26,SUMINISTRO E INSTALACIÓN DE SISTEMA DE TELEVIGILANCIA EN TORRES DE ILUMINACIÓN EXISTENTES COMUNA DE PUENTE ALTO,I MUNICIPALIDAD DE PUENTE ALTO,Región Metropolitana de Santiago,2026-10-23 12:00,Publicada,2026-10-09,2026-10-10
2421-52-LR26,SUMINISTRO SERVICIO DE TELECOMUNICACIONES DATOS Y VOZ,I MUNICIPALIDAD DE CONCEPCION,Región del Biobío ,2026-11-09 15:00,Publicada,2026-10-09,2026-10-10
2410-28-LE26,ADQUISICIÓN DESINSTALACIÓN INSTALACIÓN Y FABRICACIÓN DE PROTECCIÓN AVIAR PARA AIRES PISO CIELO DE 60.000 BTU PARA CESFAM NUEVO HORIZONTE,I MUNICIPALIDAD DE LOS ANGELES,Región del Biobío ,2026-10-22 09:00,Publicada,2026-10-09,2026-10-09
2408-168-LP26,INSTALACIÓN DE ALUMBRADO PÚBLICO RURAL LOS ÁNGELES,I MUNICIPALIDAD DE LOS ANGELES,Región del Biobío ,2026-11-03 09:00,Publicada,2026-10-09,2026-10-10
2405-144-LE26,SERVICIO DE RECAMBIO DE 60 CÁMARAS DE SEGURIDAD,I MUNICIPALIDAD DE IQUIQUE,Región de Tarapacá  ,2026-10-23 09:01,Publicada,2026-10-09,2026-10-10
2403-73-LR26,Servicios de conectividad telecomunicaciones operación de infraestructura y gestión de ciberseguridad.,I MUNICIPALIDAD DE PENALOLEN,Región Metropolitana de Santiago,2026-10-26 15:30,Publicada,2026-10-09,2026-10-10
2402-87-LP26,RECAMBIO LUMINARIAS SECTOR PONIENTE Y NORPONIENTE,I MUNICIPALIDAD DE RANCAGUA,Región del Libertador General Bernardo O´Higgins,2026-10-14 10:00,Publicada,2026-10-09,2026-10-10
2369-93-LP26,PP 105 Construc. iluminación exterior Consistorial,I MUNICIPALIDAD DE ARICA,Región de Arica y Parinacota,2026-10-28 10:00,Publicada,2026-10-09,2026-10-10
2369-91-LP26,PP 106 Adquisición elementos iluminacion Navidad,I MUNICIPALIDAD DE ARICA,Región de Arica y Parinacota,2026-10-16 10:00,Publicada,2026-10-09,2026-10-10
2369-86-LP26,PP 98 Mejor. alumbrado público y televigilancia,I MUNICIPALIDAD DE ARICA,Región de Arica y Parinacota,2026-10-29 10:00,Publicada,2026-10-09,2026-10-10
2369-85-LR26,PP 80 Normalización eléctrica CESFAM A. Neghme,I MUNICIPALIDAD DE ARICA,Región de Arica y Parinacota,2026-10-28 16:00,Publicada,2026-10-09,2026-10-10
2369-82-LP26,PP 88 INST. LUMINARIAS Y CAMARAS TIERRAS BLANCAS,I MUNICIPALIDAD DE ARICA,Región de Arica y Parinacota,2026-10-22 11:00,Publicada,2026-10-09,2026-10-10
2359-16-LR26,SERVICIO TELEFONÍA IP E INTERNET,I MUNICIPALIDAD DE TALCAHUANO,Región del Biobío ,2026-11-03 15:30,Publicada,2026-10-09,2026-10-10
2358-24-LE26,SC N° 87 DEL 10-09-2026 DE LA DIRECCION DE ASEO Y ORNATO  COMPRA DE KIT FOTOVOLTAICOS,I MUNICIPALIDAD DE TALCAHUANO,Región del Biobío ,2026-10-13 16:00,Publicada,2026-10-09,2026-10-10
2355-25-LP26,REPOSICIÓN A.P. E ILUMINACIÓN MONUMENTOS-P. ARENAS,I MUNICIPALIDAD DE PUNTA ARENAS,Región de Magallanes y de la Antártica,2026-10-23 11:00,Publicada,2026-10-09,2026-10-10
2345-139-LR26,Mantención Preventiva y Correctiva Reparaciones Mejoras y Urgencias de los Sistemas Eléctricos en los Inmuebles,I MUNICIPALIDAD DE LAS CONDES,Región Metropolitana de Santiago,2026-10-22 15:01,Publicada,2026-10-09,2026-10-10
2324-118-LP26,LICITACIÓN PÚBLICA N°532026 SERVICIO DE MANTENCIÓN DE ALUMBRADO PÚBLICO PERIODO 2026 DEPARTAMENTO ELÉCTRICO MUNICIPALIDAD DE PUERTO MONTT,I MUNICIPALIDAD DE PUERTO MONTT,Región de los Lagos ,2026-10-19 15:00,Publicada,2026-10-09,2026-10-10
2322-97-LP26,CONSTRUCCION LUMINARIAS ORNAMENTALES EJE SANTIAGO-VALLENAR,I MUNICIPALIDAD DE VALLENAR,Región de Atacama ,2026-11-04 15:30,Publicada,2026-10-09,2026-10-10
2322-96-LP26,CONSTRUCCION LUMINARIAS ORNAMENTALES EJE SERRANO -VALLENAR ,I MUNICIPALIDAD DE VALLENAR,Región de Atacama ,2026-11-04 15:30,Publicada,2026-10-09,2026-10-10
2296-55-LE26,ASESORIA A LA INSPECCION TECNICA DE OBRAS DEL PROYECTO MEJORAMIENTO DEL SISTEMA DE LUMINARIAS PUBLICAS COMUNA DE CONCHALI ETAPA I ZONA NORTE,I MUNICIPALIDAD DE CONCHALI,Región Metropolitana de Santiago,2026-10-13 15:30,Publicada,2026-10-09,2026-10-10
2295-97-LP26,MEJORAMIENTO ILUMINACIÓN CANCHA DE FÚTBOL CLUB DEPORTIVO UNIÓN CANCHA RAYADA TALCA Código BIP N°40.053.123-0,I MUNICIPALIDAD DE TALCA,Región del Maule ,2026-10-14 12:00,Publicada,2026-10-09,2026-10-10
229-108-LE26,CONSTRUCCION OBRAS DE ILUMINACIÓN EL PORVENIR CODIGO 2501MSC017,I MUNICIPALIDAD DE COIHUECO,Región del Ñuble,2026-10-21 15:00,Publicada,2026-10-09,2026-10-10
229-107-LE26,CONSTRUCCIÓN DE PROYECTO DE ILUMINACIÓN COMUNAL - CONVENIO CÓDIGO MATRIZ SNSM25-CMP 0139 CÓDIGO DEL PROYECTO SNSM25-IL-0008 - LAS TAGUITAS - EL PORVENIR,I MUNICIPALIDAD DE COIHUECO,Región del Ñuble,2026-10-21 15:00,Publicada,2026-10-09,2026-10-10
2277-20-LP26,REFORZAMIENTO SISTEMA DE TELEVIGILANCIA,MUNICIPALIDAD DE PUDAHUEL,Región Metropolitana de Santiago,2026-11-06 09:00,Publicada,2026-10-09,2026-10-10
2275-34-LP26,MEJORAMIENTO DE ILUMINACIÓN EN CALLE SAN FRANCISCO,I MUNICIPALIDAD DE LA PINTANA,Región Metropolitana de Santiago,2026-10-28 15:00,Publicada,2026-10-09,2026-10-10
2271-74-LE26,Servicio de Mantto de Celdas de Distrib Electrica,DIRECCION GENERAL DE AERONAUTICA CIVIL,Región Metropolitana de Santiago,2026-10-26 15:00,Publicada,2026-10-09,2026-10-10
2175-14-LE26,REP. Y NORMALIZACIÓN DEL SISTEMA ELÉCTRICO JGDDA,CORP ADMINISTRATIVA DEL PODER JUDICIAL,Región de Atacama ,2026-10-16 20:00,Publicada,2026-10-09,2026-10-10
2126-81-LE26,CONVENIO POR ADQUISICIÓN DE REPETIDORES MANTENIMIENTO Y PUESTA EN MARCHA DE RADIOS HF Y VHF DEL HOSPITAL SAN PABLO DE COQUIMBO,SERVICIO DE SALUD COQUIMBO HOSPITAL DE COQUIMBO,Región de Coquimbo ,2026-10-20 16:00,Publicada,2026-10-09,2026-10-10
2107-163-LE26,ADQUISICIÓN DE DELANTALES DE PROTECCION RADIOLOGICA,SERVICIO DE SALUD HOSPITAL DE SANTA CRUZ,Región del Libertador General Bernardo O´Higgins,2026-10-13 15:30,Publicada,2026-10-09,2026-10-09
2018-34-L126,MANTENIMIENTO PARA SISTEMAS DE RESPALDO DE ENERGÍA (UPS) DEL CENTRO DE CONTROL DE ÁREA SANTIAGO,DIRECCION GENERAL DE AERONAUTICA CIVIL,Región del Biobío ,2026-10-15 15:00,Publicada,2026-10-09,2026-10-10
1997-9-LP26,RENOVACIÓN ADECUACIÓN Y NORMALIZACIÓN ELECTRICO,DELEGACIÓN PRESIDENCIAL PROVINCIAL DE EL LOA,Región de Antofagasta ,2026-10-29 16:00,Publicada,2026-10-09,2026-10-10
1978-127-L126,PROVISIÓN E INSTALACION DE SISTEMA DE RADIOCOMUNICACION VHF/HF SSMAULE,SERVICIO DE SALUD DEL MAULE,Región del Maule ,2026-10-20 15:30,Publicada,2026-10-09,2026-10-10
1969-34-LS19,AUTOMATIZACIÓN PORTÓN ACCESO A LINEA DE FUEGO,DIRECCION GENERAL DE GENDARMERIA DE CHIL,Región del Biobío ,,Publicada,2026-10-09,2026-10-10
1969-20-LP26,SISTEMA DE RADIOCOMUNICACIONES REGION DEL BIOBIO,DIRECCION GENERAL DE GENDARMERIA DE CHIL,Región del Biobío ,2026-10-29 16:00,Publicada,2026-10-09,2026-10-10
1894-30-LE26,DVO-ADQUISICIÓN MATERIALES CAD,MINISTERIO DE OBRAS PUBLICAS DIREC CION GRAL DE OO PP DCYF,Región de los Lagos ,2026-10-19 20:00,Publicada,2026-10-09,2026-10-10
1743-80-LE26,SISTEMAS DE AMPLIFICACIÓN ILUMINACION PANTALLA,I MUNICIPALIDAD DE LITUECHE,Región del Libertador General Bernardo O´Higgins,2026-10-19 16:00,Publicada,2026-10-09,2026-10-10
1715-4-LE26,SERVICIO DE INTERNET TELEFONÍA IP Y EQUIPAMIENTO,CORPORACION DE ASISTENCIA JUDICIAL DE LA REGION DEL BIO BIO,Región del Biobío ,2026-10-20 15:00,Publicada,2026-10-09,2026-10-10
1697-45-LE26,Mantto.Grupos Electrógenos Antofagasta,CORP ADMINISTRATIVA DEL PODER JUDICIAL,Región de Antofagasta ,2026-10-13 16:00,Publicada,2026-10-09,2026-10-10
1696-18-L126,Servicio de evaluación técnica e inspección del estado eléctrico en Viviendas Judiciales de Arica,CORP ADMINISTRATIVA DEL PODER JUDICIAL,Región de Arica y Parinacota,2026-10-14 16:00,Publicada,2026-10-09,2026-10-10
1658-212-LR26,P. 259-2026 SISTEMA DE TELEVIGILANCIA PARA LA COMUNA DE TEMUCO,I MUNICIPALIDAD DE TEMUCO,Región de la Araucanía ,2026-10-23 15:00,Publicada,2026-10-09,2026-10-10
1641-318-LR26,NBB - NORMALIZACION E INTEGRACION DEL SISTEMA ELECTRICO Y RESPALDO EXISTENTE,SERVICIO DE SALUD OCCIDENTE HOSPITAL SAN JUAN DE DIOS,Región Metropolitana de Santiago,2026-10-13 15:01,Publicada,2026-10-09,2026-10-10
1602-20-LE26,ADQUISICIÓN DE LICENCIAS PARA EQUIPOS DE COMUNICACIONES DE LA RED DE DATOS DE LA DGAC 122 dgv ,DIRECCION GENERAL DE AERONAUTICA CIVIL,Región Metropolitana de Santiago,2026-10-21 14:00,Publicada,2026-10-09,2026-10-10
1549-103-LP26,SERVICIO DE RADIOCOMUNICACIÓN INTERNO Y EXTERNO,SERVICIO DE SALUD METROPOLITANA NORTE HOSPITAL SAN JOSE,Región Metropolitana de Santiago,2026-11-12 15:00,Publicada,2026-10-09,2026-10-10
1540-108-LE26,MANTENIMIENTO SOPORTE PLC BECKHOFF,SERVICIO DE SALUD MAGALLANES HOSPITAL DE PTO NATALES,Región de Magallanes y de la Antártica,2026-10-13 15:30,Publicada,2026-10-09,2026-10-10
1491-21-LP26,servicio de extension de red electrica aerea en MT,DIRECCION GENERAL DE AERONAUTICA CIVIL,Región de Los Ríos,2026-10-29 12:00,Publicada,2026-10-09,2026-10-10
1488587-29-LP26,Reparación de Techumbre y Normalización Eléctrica,UNIVERSIDAD DE LA SERENA,Región de Coquimbo ,2026-10-13 16:00,Publicada,2026-10-09,2026-10-10
1479098-29-L126,PTR N°522 - SUMINISTRO DE EQUIPOS DE ILUMINACION Y RESPUESTOS. ,I MUNICIPALIDAD DE VITACURA,Región Metropolitana de Santiago,2026-10-09 10:00,Publicada,2026-10-09,2026-10-09
1469-271-L126,SISTEMA DE DISTRIBUCIÓN ELÉCTRICA MÓDULOS DE CULTIVO” UNIVERSIDAD DE TALCA,UNIVERSIDAD DE TALCA,Región del Maule ,2026-10-19 15:00,Publicada,2026-10-09,2026-10-10
1469-267-L126,Servicio de Mantenimiento UPS del Centro de Datos en Campus Talca de la Universidad de Talca,UNIVERSIDAD DE TALCA,Región del Maule ,2026-10-22 12:00,Publicada,2026-10-09,2026-10-10
1443565-6-LE26,IMPLEMENTACIÓN SISTEMA ELECTRICO PAMPA CONCORDIA,INIA,Región de Arica y Parinacota,2026-10-19 16:00,Publicada,2026-10-09,2026-10-10
1437-17-LE26,ADQUISICIÓN INSTALACIÓN Y PUESTA EN MARCHA DE SISTEMA DE PORTICOS DE TELEVIGILANCIA PARA LA COMUNA DE LLANQUIHUE,I MUNICIPALIDAD DE LLANQUIHUE,Región de los Lagos ,2026-10-27 15:00,Publicada,2026-10-09,2026-10-10
1437-15-LE26,MEJORAMIENTO DE ILUMINACIÓN DE PLAZAS LLANQUIHUE,I MUNICIPALIDAD DE LLANQUIHUE,Región de los Lagos ,2026-10-14 15:30,Publicada,2026-10-09,2026-10-10
1434-25-LE26,CAMBIO DE SISTEMA ELÉCTRICO BLOCK 23,DIRECCION GENERAL DE AERONAUTICA CIVIL,Región Metropolitana de Santiago,2026-10-21 15:01,Publicada,2026-10-09,2026-10-10
1431841-65-L126,"Memo SECPLA N°297/2026, Provisión, instalación y normalización eléctrica Residencia Familiar de Jóvenes",I MUNICIPALIDAD DE RECOLETA,Región Metropolitana de Santiago,2026-10-14 15:00,Publicada,2026-10-09,2026-10-10
1426098-17-LE26,Habilitación recinto sala CCTV IP IRC Coronel.,SERVICIO NACIONAL DE REINSERCION SOCIAL JUVENIL,Región del Biobío ,2026-10-22 15:01,Publicada,2026-10-09,2026-10-10
1417913-112-LE26,SERVICIO DE ARRIENDO DE GRUPOS ELECTRÓGENOS PARA ESTABLECIMIENTOS DE SALUD DE CORMUDESI POR 24 MESES,CORP MUNICIPAL DE DESARROLLO SOCIAL DE IQUIQUE,Región de Tarapacá  ,2026-10-09 12:00,Publicada,2026-10-09,2026-10-09
1410-31-LE26,DRG AFTA -  SERVICIO ELECTRICIDAD GENERADORES,DIRECCION GENERAL DE GENDARMERIA DE CHIL,Región de Antofagasta ,2026-10-20 19:55,Publicada,2026-10-09,2026-10-10
1409-15-LE26,Servicio arriendo red de datos e internet,DIRECCION GENERAL DE AERONAUTICA CIVIL,Región de los Lagos ,2026-10-20 10:00,Publicada,2026-10-09,2026-10-10
1388961-50-LP26,Serv. de Normalización y Arreglos Eléctricos AMSZO,ASOCIACION DE MUNICIPALIDADES PARA LA SEGURIDAD CIUDADANA EN LA ZONA ORIENTE,Región Metropolitana de Santiago,2026-10-19 15:01,Publicada,2026-10-09,2026-10-10
1375735-15-LE26,SERVICIO DE IMPLEMENTACIÓN MANTENCIÓN Y SOPORTE DE SISTEMA CCTV PARA NIVEL CENTRAL DEL SERVICIO LOCAL DE EDUCACIÓN PÚBLICA ANTOFAGASTA QUE INCLUYE EL SUMINISTRO INSTALACIÓN Y PUESTA EN MARCHA DE LOS EQUIPOS NECESARIOS,SERVICIO LOCAL DE EDUCACIÓN PÚBLICA ANTOFAGASTA,Región de Antofagasta ,2026-10-26 15:01,Publicada,2026-10-09,2026-10-10
1374899-41-LP26,INSTALACIÓN PUNTOS DE RED Y PUNTOS ELÉCTRICOS PARA EL HOSPITAL PROVINCIAL MARGA MARGA,HOSPITAL DE QUILPUE,Región de Valparaíso ,2026-10-26 16:00,Publicada,2026-10-09,2026-10-10
1301883-26-LR26,Mod. y ampliación del Subsistema de CCTV.,SERVICIO NACIONAL DE REINSERCION SOCIAL JUVENIL,Región Metropolitana de Santiago,2026-10-09 15:01,Publicada,2026-10-09,2026-10-09
1300-52-LP26,SISTEMA DE GENERACIÓN ELÉCTRICA RQ 154331,SERVICIO NACIONAL DEL ADULTO MAYOR,Región Metropolitana de Santiago,2026-10-29 15:30,Publicada,2026-10-09,2026-10-10
1268-8-O126,Csv. Sistema Eléctrico Puerto Pesquero Artesanal Lebu,MINISTERIO DE OBRAS PUBLICAS DIREC CION GRAL DE OO PP DCYF,Región del Biobío ,2026-10-30 11:30,Publicada,2026-10-09,2026-10-10
1238177-19-LP26,MANTENCIÓN DE CÁMARAS Y REDES DE TELEVIGILANCIA,ASOCIACION DE MUNICIPIOS METROPOLITANOS PARA LA SEGURIDAD CIUDADANA,Región Metropolitana de Santiago,2026-10-16 18:00,Publicada,2026-10-09,2026-10-10
1230750-18-LE26,EQUIPAMIENTO DE ILUMINACIÓN TEATRO SALA PATRICIO K,Corporación Municipal De Cultura y Deportes de Recoleta,Región Metropolitana de Santiago,2026-10-09 18:15,Publicada,2026-10-09,2026-10-09
1224957-62-LR26,CONTRATACIÓN DE SERVICIO DE TELECOMUNICACIONES PARA CENTROS DE SALUD DE ÑUÑOA,CORP MUNICIPAL DE DESARROLLO SOCIAL DE NUNOA,Región Metropolitana de Santiago,2026-10-29 13:05,Publicada,2026-10-09,2026-10-10
1220203-19-L126,"“ASESORIA ELECTRICA LA INSPECCION FISCAL DE LA OBRA DE HABILITACIÓN BODEGA EDIFICIO EX MOLINERA REGIÓN DE ANTOFAGASTA, CODIGO BIP 40073549”, PROYECTO FINANCIADO CON FONDOS FNDR",SERVICIO NACIONAL DEL PATRIMONIO CULTURAL,Región de Antofagasta ,2026-10-13 20:00,Publicada,2026-10-09,2026-10-10
1217466-28-LE26,SERVICIOS DE DESMONTAJE PROTECCIÓN Y REINSTALACIÓ,SERVICIO NACIONAL DEL PATRIMONIO CULTURAL,Región Metropolitana de Santiago,2026-10-15 16:00,Publicada,2026-10-09,2026-10-09
1208102-5-LE26,SERVICIO DE CAPACITACIÓN TRANSFERENCIA TÉCNICA EN CONTEXTOS DE PROTECCIÓN PARA LA REGIÓN DEL MAULE,SERVICIO NACIONAL DE PROTECCIÓN ESPECIALIZADA A LA NIÑEZ Y ADOLESCENCI,Región del Maule ,2026-10-13 16:00,Publicada,2026-10-09,2026-10-09
1195104-18-LR26,Red MPLS VoIP Redes Inalámbricas y Seguridad,SERVICIO NACIONAL DE MIGRACIONES,Región Metropolitana de Santiago,2026-10-15 17:00,Publicada,2026-10-09,2026-10-10
1186229-34-LR26,Servicios de trabajos eléctricos,SERVICIO DE REGISTRO CIVIL E IDENTIFICACION,Región Metropolitana de Santiago,2026-11-20 15:00,Publicada,2026-10-09,2026-10-10
1175-90-LP26,93.26 “RENOVACIÓN SISTEMA ELECTRICO HOSPITAL GALVARINO”,SERVICIO DE SALUD ARAUCANIA SUR,Región de la Araucanía ,2026-10-23 15:30,Publicada,2026-10-09,2026-10-10
1171317-94-LE26,CONTRATO DE SUMINISTRO AMPLIFICACIÓN ILUMINACIÓN,I MUNICIPALIDAD DE CHILLAN,Región del Ñuble,2026-10-21 12:00,Publicada,2026-10-09,2026-10-10
1153624-24-L126,Servicio de Ordenamiento de Cableado de Datos y Eléctrico en Datacenter y Rack de Comunicaciones,SUBSECRETARIA DE RELACIONES ECONOMICAS INTERNACIONALES,Región Metropolitana de Santiago,2026-10-21 15:00,Publicada,2026-10-09,2026-10-10
1153624-23-LP26,Servicio de Telefonía IP para SUBREI.,SUBSECRETARIA DE RELACIONES ECONOMICAS INTERNACIONALES,Región Metropolitana de Santiago,2026-10-26 15:00,Publicada,2026-10-09,2026-10-10
1153624-22-LE26,Servicio enlace de datos de internet,SUBSECRETARIA DE RELACIONES ECONOMICAS INTERNACIONALES,Región Metropolitana de Santiago,2026-10-19 15:00,Publicada,2026-10-09,2026-10-10
1133353-50-LP26,RECAMBIO DE LUMINARIAS SECTOR CENTRO COMUNA DE RAUCO,I MUNICIPALIDAD DE RAUCO,Región del Maule ,2026-10-26 15:30,Publicada,2026-10-09,2026-10-10
1110404-225-L126,IMPLEMENTACIÓN DE ENLACES DE FIBRA ÓPTICA Y PUNTOS DE RED PARA EL COLEGIO EDUARDO FREI MONTALVA PERTENECIENTE AL SLEP DE CHINCHORRO,SERVICIO LOCAL DE EDUCACION DE CHINCHORRO,Región de Arica y Parinacota,2026-10-19 15:00,Publicada,2026-10-09,2026-10-10
1105450-3-LE26,SERVICIO DE ARRIENDO MODULACIÓN- SISTEMA ELÉCTRICO,I MUNICIPALIDAD DE FUTRONO,Región de Los Ríos,2026-10-19 16:19,Publicada,2026-10-09,2026-10-10
1080094-17-L126,RADIO PORTÁTIL DIGITAL VHF PARA SAMU,SERVICIO DE SALUD MAGALLANES,Región de Magallanes y de la Antártica,2026-10-20 20:00,Publicada,2026-10-09,2026-10-10
1079639-25-LE26,REPUESTOS GRUPO ELECTRÓGENO TALLERES TIC ZONA,DIRECCION DE LOGISTICA DE CARABINEROS,Región de los Lagos ,2026-10-16 15:00,Publicada,2026-10-09,2026-10-10
1079596-38-LE26,SERVICIO DE REPARACION GENERADOR ELECTRICO ARICA,DIRECCION DE LOGISTICA DE CARABINEROS,Región de Arica y Parinacota,2026-10-20 18:35,Publicada,2026-10-09,2026-10-10
1079454-17-LE26,SERVICIO TECHUMBRE Y SIST. ELÉCTRICO OS7 AFTA.,DIRECCION DE LOGISTICA DE CARABINEROS,Región de Antofagasta ,2026-10-13 15:01,Publicada,2026-10-09,2026-10-10
1075963-331-LE26,SERVICIO DE ARRIENDO DE SERVIDORES UPS Y STORAGE,SERVICIO DE SALUD ARICA HOSP DR JUAN NOE CREVANI,Región de Arica y Parinacota,2026-10-16 17:30,Publicada,2026-10-09,2026-10-10
1074010-12-LP26,Mantención de instalaciones eléctricas para el EMB,SUBSECRETARIA DEL INTERIOR,Región Metropolitana de Santiago,2026-10-19 17:00,Publicada,2026-10-09,2026-10-10
1070620-102-LP26,PVE SUMINISTRO E INSTALACION DE EQUIPOS CCTV,HOSPITAL DOCTOR ERNESTO TORRES GALDAMES,Región de Tarapacá  ,2026-10-13 15:01,Publicada,2026-10-09,2026-10-10
1058086-59-LP26,ADQUISICIÓN DE INSUMOS PARA SELLADO Y PROTECCIÓN,Instituto de Neurocirugía,Región Metropolitana de Santiago,2026-10-13 15:01,Publicada,2026-10-09,2026-10-09
1057977-15-LE26,protección radiológica Sala RX Hospital de Palena,SERVICIO SALUD DEL RELONCAVI,Región de los Lagos ,2026-10-22 16:04,Publicada,2026-10-09,2026-10-09
1057774-13-L126,Compra de herramientas eléctricas,SERVICIO DE SALUD ANTOFAGASTA HOSPITAL M,Región de Antofagasta ,2026-10-13 20:39,Publicada,2026-10-09,2026-10-10
1057547-422-LE26,CONV. SUMINISTRO INSUMOS PROTECCION PARA QUIMIOTER,SERVICIO DE SALUD VALDIVIA HOSPITAL BASE,Región de Los Ríos,2026-10-19 19:00,Publicada,2026-10-09,2026-10-09
1057509-340-LE26,ADQUISICIÓN DE PIEZA DE MANO PARA MOTOR PIEZOELÉCTRICO PIEZOTOME CUBE,HOSPITAL CLINICO HERMINDA MARTIN,Región del Ñuble,2026-10-15 09:00,Publicada,2026-10-09,2026-10-09
1057509-333-LE26,“ADQUISICIÓN DE ELEMENTOS DE PROTECCIÓN PERSONAL” brd,HOSPITAL CLINICO HERMINDA MARTIN,Región del Ñuble,2026-10-15 09:00,Publicada,2026-10-09,2026-10-09
1057509-318-LE26,SERVICIO DE MANTENCIÓN PARA GENERADORES ELÉCTRICOS,HOSPITAL CLINICO HERMINDA MARTIN,Región del Ñuble,2026-10-09 15:00,Publicada,2026-10-09,2026-10-09
1057509-248-LE26,ADQUISICIÓN DE ELEMENTOS DE PROTECCIÓN PERSONAL PARA UNIDAD DE GESTIÓN DE CAMAS crp,HOSPITAL CLINICO HERMINDA MARTIN,Región del Ñuble,2026-10-15 15:00,Publicada,2026-10-09,2026-10-09
1057448-42-LE26,LI ELEMENTOS PROTECCIÓN PERSONAL SAMU FR 2026-926,SERVICIO DE SALUD IQUIQUE,Región de Tarapacá  ,2026-10-13 18:00,Publicada,2026-10-09,2026-10-09
1057390-36-LE26,Serv. de Mant. de Radiocom.  HF y VHF SSAN,SERVICIO DE SALUD ARAUCANIA NORTE,Región de la Araucanía ,2026-10-14 15:30,Publicada,2026-10-09,2026-10-10
1057049-372-LE26,MCO CONTRATACIÓN DE SUMINISTRO ARTÍCULOS ELEMENTOS Y OTROS RELACIONADOS A MANTENCIÓN ELÉCTRICA DEL HOSPITAL CLÍNICO SAN BORJA ARRIARÁN,SERV SALUD METROPOLITANO CENTRAL HOSPITAL CLINICO SAN BORJA ARRIARAN,Región Metropolitana de Santiago,2026-10-19 15:30,Publicada,2026-10-09,2026-10-10
1057049-356-LE26,MCO SUMINISTRO DE ELEMENTOS DE PROTECCIÓN PERSONAL IGNÍFUGA PARA EL HOSPITAL CLÍNICO SAN BORJA ARRIARÁN,SERV SALUD METROPOLITANO CENTRAL HOSPITAL CLINICO SAN BORJA ARRIARAN,Región Metropolitana de Santiago,2026-10-13 15:30,Publicada,2026-10-09,2026-10-09
1048-81-LE26,ADQ. VESTUARIO Y EPP PERSONAL LUMINARIA - 3ER LLAMADO,I MUNICIPALIDAD DE EL TABO,Región de Valparaíso ,2026-10-19 15:01,Publicada,2026-10-09,2026-10-10
1035-25-L126,Servicio de cambio de sistema eléctrico dependencias  oficina Paredones Conaf Pichilemu Región de O’Higgins.,CORP NACIONAL FORESTAL,Región del Libertador General Bernardo O´Higgins,2026-10-19 16:22,Publicada,2026-10-09,2026-10-10
1005498-23-LE26,Servicio de enlace de datos punto a punto alameda-,COMISION PARA EL MERCADO FINANCIERO,Región Metropolitana de Santiago,2026-10-20 16:00,Publicada,2026-10-09,2026-10-10
1002-92-LP26,Suministro de Mezcla Asfáltica en Caliente para colocación de capa de protección Camino Lutun-Polloico Prov. de Osorno Región de Los Lagos.,MINISTERIO DE OBRAS PUBLICAS DIREC CION GRAL DE OO PP DCYF,Región de los Lagos ,2026-10-20 15:30,Publicada,2026-10-09,2026-10-09
1002-91-LP26,Suministro de Mezcla Asfáltica en Caliente para colocación de capa de protección Camino  Pincoy-Chacayal Prov. de Osorno Región de Los Lagos.,MINISTERIO DE OBRAS PUBLICAS DIREC CION GRAL DE OO PP DCYF,Región de los Lagos ,2026-10-20 16:00,Publicada,2026-10-09,2026-10-09
1002-90-LP26,Suministro de Mezcla Asfáltica en Caliente para colocación de capa de protección Camino Cruce Ruta 5 Puntra-Rio Cajunco-Kilometro 60 Prov. de Chiloe Región de Los Lagos.,MINISTERIO DE OBRAS PUBLICAS DIREC CION GRAL DE OO PP DCYF,Región de los Lagos ,2026-10-20 16:00,Publicada,2026-10-09,2026-10-09
1002-89-LP26,Suministro de Mezcla Asfáltica en Caliente para colocación de capa de protección Camino Cruce Ruta 5-Caulin Bajo Prov. de Chiloe Región de Los Lagos.,MINISTERIO DE OBRAS PUBLICAS DIREC CION GRAL DE OO PP DCYF,Región de los Lagos ,2026-10-13 16:00,Publicada,2026-10-09,2026-10-09
1002-84-LP26,ADQUISICION DE TABLERO DE MADERA PRESERVADA CON HERRAJE,MINISTERIO DE OBRAS PUBLICAS DIREC CION GRAL DE OO PP DCYF,Región de los Lagos ,2026-10-13 17:00,Publicada,2026-10-09,2026-10-09
