FechaEliminacion,Codigo,Titulo,Status,Organismo,Region,Cierre,Visita a terreno,Monto estimado,Servicio DATAELECT,URL
2026-10-10,4732-23-LP26,[4732-23-LP26] Mantención de Alumbrado Público y otros Servicios Eléctricos.,Done,I MUNICIPALIDAD DE CODEGUA,Región del Libertador General Bernardo O´Higgins,2026-10-05,,,,
2026-10-10,1191688-68-LR26,[1191688-68-LR26] ADQUISICIÓN E INSTALACIÓN DE LUMINARIAS LED,Done,I MUNICIPALIDAD DE LA COMUNA DE EL BOSQUE,Región Metropolitana de Santiago,2026-10-05,,,,
2026-10-10,1013353-38-LE26,[1013353-38-LE26] Normalización y soporte de la infra. de Red Datos.,Done,SERVICIO LOCAL DE EDUCACION LAS BARRANCAS,Región Metropolitana de Santiago,2026-10-05,,,,
2026-10-10,4389-9-LE26,[4389-9-LE26] PROVISIÓN INSTALACIÓN Y REGULACIÓN DE EQUIPOS DE ILUMINACIÓN PARA VITRINAS SALA COSTA MHNV,Done,SERVICIO NACIONAL DEL PATRIMONIO CULTURAL,Región de Valparaíso,2026-10-05,,,,
2026-10-10,4024-30-LE26,[4024-30-LE26] CONSTRUCCIÓN ALUMBRADO PÚBLICO LA PIEDRA SAN CARLOS,Done,ILUSTRE MUNICIPALIDAD DE SAN CARLOS,Región del Ñuble,2026-10-05,,,,
2026-10-10,2772-23-LE26,[2772-23-LE26] HABILITACION CENTRAL DE MONITOREO CHIGUAYANTE.,Done,I MUNICIPALIDAD DE CHIGUAYANTE,Región del Biobío,2026-10-05,,,,
2026-10-10,3929-59-LP26,[3929-59-LP26] INSTALACIÓN DE LUMINARIAS FOTOVOLTAICAS EN 11 CALLES DE DESLINDE SUR ETAPA 2 ETAPA 3A Y 3B DEL CAMPAMENTO MANUEL BUSTOS,Done,I MUNICIPALIDAD DE VINA DEL MAR,Región de Valparaíso,2026-10-06,,,,
2026-10-10,696961-5-LP26,[696961-5-LP26] SUMINISTRO E INSTALACIÓN DE GRUPOS ELECTRÓGENOS,Done,MINISTERIO PUBLICO,Región de la Araucanía,2026-10-06,,,,
2026-10-10,3361-15-L126,[3361-15-L126] Servicio de mantenimiento del grupo electrógeno del Cuartel General del Comando de Operaciones Terrestres,Done,DIVISION LOGISTICA DEL EJERCITO,Región del Biobío,2026-10-06,,,,
2026-10-10,1479098-27-L126,[1479098-27-L126] PTR N°498 - SERVICIO DE REPARACION DE PUERTA MECANIZADA DE ACCESO LATERAL A JUZGADO DE POLICIA LOCAL DEL EDIFICIO CENTRO CIVICO DE VITACURA.,Done,I MUNICIPALIDAD DE VITACURA,Región Metropolitana de Santiago,2026-10-06,,,,
2026-10-10,707423-67-LP26,[707423-67-LP26] REPOSICION SISTEMA ELECTRICO JI Y SC PAPELUCHO LON,Done,FUNDACION EDUCACIONAL PARA EL DESAROLLO INTEGRAL DE LA NIÑEZ,Región de la Araucanía,2026-10-06,,,,
2026-10-10,707423-68-LP26,[707423-68-LP26] REPOSICION SISTEMA ELECTRICO JI Y SC RUCAHUENEI,Done,FUNDACION EDUCACIONAL PARA EL DESAROLLO INTEGRAL DE LA NIÑEZ,Región de la Araucanía,2026-10-06,,,,
2026-10-10,813-111-LP26,[813-111-LP26] PP 107 SISTEMAS DE CÁMARAS Y CONTROL DE ACCESO,Done,INSTITUTO DE SALUD PUBLICA DE CHILE,Región Metropolitana de Santiago,2026-10-06,,,,
2026-10-10,2172-13-LE26,[2172-13-LE26] LE 4955 -Mantención y obras menores SII DR Copiapó,Done,SERVICIO DE IMPUESTOS INTERNOS DIRECCION,Región de Atacama,2026-10-06,,,,
2026-10-10,2448-139-L126,[2448-139-L126] CURSO DE CAPACITACION CORRESPONDIENTE A FORMACION PARA OPERADORES DE SISTEMADE CIRCUITO CERRADO DE TELEVISION (CCTV).,Done,I MUNICIPALIDAD DE COQUIMBO,Región de Coquimbo,2026-10-06,,,,
2026-10-10,707426-35-LP26,[707426-35-LP26] “REPOSICIÓN CUBIERTA Y SISTEMA ELÉCTRICO LOBITO MA,Done,FUNDACION EDUCACIONAL PARA EL DESAROLLO INTEGRAL DE LA NIÑEZ,Región Aysén del General Carlos Ibáñez del Campo,2026-10-06,,,,
2026-10-10,2997-60-LP26,[2997-60-LP26] Reposición Sistema de Iluminación P. Bicentenario,Done,I MUNICIPALIDAD DE MONTEPATRIA,Región de Coquimbo,2026-10-06,,,,
2026-10-10,5039-9-LP26,[5039-9-LP26] SISTEMAS FOTOVOLTAICOS INDIVIDUALES VARIOS SECTORES RURALES DE LA COMUNA DE RÍO IBÁÑEZ,Done,I MUNICIPALIDAD RIO IBANEZ,Región Aysén del General Carlos Ibáñez del Campo,2026-10-06,,,,
2026-10-10,5360-9-LE26,[5360-9-LE26] SUMINISTRO E INSTALACIÓN DE SISTEMA DE SEGURIDAD C,Done,UNIVERSIDAD DE TARAPACA,Región de Arica y Parinacota,2026-10-06,,,,
2026-10-10,2564-29-LE26,[2564-29-LE26] INSTALACIÓN DE LUMINARIAS PEATONAL CHEPICA CENTRO,Done,I MUNICIPALIDAD DE CHEPICA,Región del Libertador General Bernardo O´Higgins,2026-10-06,,,,
2026-10-10,3934-40-CO26,[3934-40-CO26] SERVICIO DE MANTENCION REDES HUMEDAS ESTABLECIMIENTOS DE SALUD,Done,I MUNICIPALIDAD DE FREIRE,Región de la Araucanía,2026-10-06,,,,
2026-10-10,3320-33-LE26,[3320-33-LE26] 077 143174 MANTTO PREVENTIVO UPS CEN,Done,FUERZA AEREA DE CHILE COMANDO LOGISTICO,Región Metropolitana de Santiago,2026-10-07,,,,
2026-10-10,1048-72-LE26,[1048-72-LE26] Suministro e instalacion de camaras barriales inalambricas e inteligentes EL TABO,Done,I MUNICIPALIDAD DE EL TABO,Región de Valparaíso,2026-10-07,,,,
2026-10-10,1969-19-LE26,[1969-19-LE26] E1O2RT9 ADQUISICION DE GRUPO ELECTROGENO,Done,DIRECCION GENERAL DE GENDARMERIA DE CHIL,Región del Biobío,2026-10-07,,,,
2026-10-10,1360-10-LE26,[1360-10-LE26] CONTRATACIÓN DEL SERVICIO DE CONSTRUCCIÓN DE CIERRE PERIMETRAL CON ILUMINACIÓN LED DE INSTALACIÓN DE FAENAS PARA OFICINA DE PUENTE ALTO DE LA DIRECCIÓN REGIÓN METROPOLITANA,Done,SERVICIO DE REGISTRO CIVIL E IDENTIFICACION,Región Metropolitana de Santiago,2026-10-07,,,,
2026-10-10,707418-49-L126,"[707418-49-L126] SERVICIO DE ELABORACIÓN DE PROYECTO DE CÁLCULO ESTRUCTURAL Y MECANICA DE SUELO, PARA EL JARDÍN INFANTIL Y SALA CUNA BRISAS DEL VALLE",Done,FUNDACION EDUCACIONAL PARA EL DESAROLLO INTEGRAL DE LA NIÑEZ,Región de Coquimbo,2026-10-07,,,,
2026-10-10,1126920-33-LE26,[1126920-33-LE26] SERVICIO DE MANTENCIÓN ELÉCTRICA SLEP COLCHAGUA,Done,SERVICIO LOCAL DE EDUCACION PUBLICA DE COLCHAGUA,Región del Libertador General Bernardo O´Higgins,2026-10-07,,,,
2026-10-10,1660-142-LE26,[1660-142-LE26] MANTENCION PREVENTIVA Y CORRECTIVA 2 SALA UPS,Done,SERVICIO SALUD COQUIMBO HOSP DE SALAMANC,Región de Coquimbo,2026-10-07,,,,
2026-10-10,1305504-16-L126,[1305504-16-L126] HABILITACIÓN DE OFICINA PARA CENTRAL DE CÁMARAS,Done,SERVICIO LOCAL DE EDUCACIÓN PÚBLICA DE ANDALIÉN COSTA,Región del Biobío,2026-10-07,,,,
2026-10-10,2767-33-LP26,[2767-33-LP26] PROYECTO DE ALUMBRADO PÚBLICO PEATONAL GOYCOLEA P,Done,I MUNICIPALIDAD DE LA CISTERNA,Región Metropolitana de Santiago,2026-10-08,,,,
2026-10-10,3813-25-LP26,[3813-25-LP26] CONSTRUCCIÓN LUMINARIAS SENDA MULTIPROPÓSITO,Done,I MUNICIPALIDAD DE ISLA DE MAIPO,Región Metropolitana de Santiago,2026-10-08,,,,
2026-10-10,2271-70-LE26,[2271-70-LE26] Mejoramiento de Infraestructura e Instalaciones eléctricas del contenedor del grupo electrógeno en el Aeródromo Eulogio Sanchez - Tobalaba,Done,DIRECCION GENERAL DE AERONAUTICA CIVIL,Región Metropolitana de Santiago,2026-10-08,,,,
2026-10-10,2981-272-LE26,[2981-272-LE26] SERVICIO PROVISION E INSTALACION DE CCTV PDI,Done,POLICIA DE INVESTIGACIONES DE CHILE,Región Metropolitana de Santiago,2026-10-08,,,,
2026-10-10,3143-42-LP26,[3143-42-LP26] AMPLIACION RED DE ALUMBRADO PUBLICO DIVERSOS SECTORES COMUNA  DE LAGO  RANCO,Done,I MUNICIPALIDAD DE LAGO RANCO,Región de Los Ríos,2026-10-08,,,,
2026-10-10,3671-71-LE26,[3671-71-LE26] “SUMINISTRO MANTENCIÓN REPOSICIÓN E INSTALACIÓN DE EQUIPOS DEL SISTEMA DE TELEVIGILANCIA COMUNAL” PARA LA COMUNA DE CHILLÁN VIEJO.,Done,ILUSTRE MUNICIPALIDAD DE CHILLAN VIEJO,Región del Ñuble,2026-10-08,,,,
2026-10-10,3291-3-LE26,[3291-3-LE26] JENABIEN - RENOVACION BAÑO Y NORMALIZACION ELECTRICA VF COQUIMBO,Done,POLICIA DE INVESTIGACIONES DE CHILE,Región Metropolitana de Santiago,2026-10-08,,,,
2026-10-10,528208-35-LP26,[528208-35-LP26] HABILITACIÓN DE CRUCE SEMAFORIZADO EN CALLES SALVADOR GUTIÉRREZ - RESBALÓN - FANALOZA,Done,I.MUNICIPALIDAD DE CERRO NAVIA,Región Metropolitana de Santiago,2026-10-08,,,,
2026-10-10,2658-339-L126,[2658-339-L126] SERVICIO PROFESIONAL ELECTRICO,Done,I MUNICIPALIDAD DE ANCUD,Región Metropolitana de Santiago,2026-10-08,,,,
2026-10-10,966539-27-LP26,[966539-27-LP26] INSTALACION DE LUMINARIAS ESTADIO Y CONSTRUCCION DE ESTRUCTURA TECHUMBRE SEDE TRINIDAD DE MARCHIGUE,Done,I MUNICIPALIDAD DE MARCHIGUE,Región del Libertador General Bernardo O´Higgins,2026-10-08,,,,
2026-10-10,1109692-9-LE26,[1109692-9-LE26] NORMALIZACIÓN ELÉCTRICA INTEGRAL SEDE PORVENIR,Done,CENTRO DE FORMACION TECNICA ESTATAL DE MAGALLANES Y ANTARTICA CHILENA,Región de Magallanes y de la Antártica,2026-10-08,,,,
2026-10-10,1422825-19-LP26,[1422825-19-LP26] CONTRATO DE SERVICIO DE MANTENIMIENTO GRUPOS ELECTROGENOS PARA EL HOSPITAL CARLOS VAN BUREN,Done,SERVICIO NACIONAL DE SALUD HOSPITAL CARLOS VAN BUREN,Región de Valparaíso,2026-10-08,,,,
2026-10-10,1660-144-LE26,[1660-144-LE26] MANTENCIÓN PREVENTIVA A SALA ELECTRICA GENERAL,Done,SERVICIO SALUD COQUIMBO HOSP DE SALAMANC,Región de Coquimbo,2026-10-08,,,,
2026-10-10,5416-37-L126,[5416-37-L126] Servicio de Instalación y puesta en marcha de 2 UPS Enersafe 20 KVA Trifásicas,Done,UNIVERSIDAD DE LA SERENA,Región Metropolitana de Santiago,2026-10-08,,,,
2026-10-10,4429-103-L126,[4429-103-L126] REVISION MANTENCION Y RECARGA DE EXTINTORES,Done,MUNICIPALIDAD DE HUALPEN,Región del Biobío,2026-10-08,,,,
2026-10-10,2296-55-LE26,[2296-55-LE26] ASESORIA A LA INSPECCION TECNICA DE OBRAS DEL PROYECTO MEJORAMIENTO DEL SISTEMA DE LUMINARIAS PUBLICAS COMUNA DE CONCHALI ETAPA I ZONA NORTE,Done,I MUNICIPALIDAD DE CONCHALI,Región Metropolitana de Santiago,2026-10-09,,,,
2026-10-10,2723-68-LE26,[2723-68-LE26] “Servicio de Instalación y Distribución Eléctrica para Fiesta de las Flores 2026”.,Done,I MUNICIPALIDAD DE BUIN,Región Metropolitana de Santiago,2026-10-09,,,,
2026-10-10,2735-167-LE26,[2735-167-LE26] ENLACE DE DATOS FARELLONES MUN. LO BARNECHEA,Done,I MUNICIPALIDAD LO BARNECHEA,Región Metropolitana de Santiago,2026-10-09,,,,
2026-10-10,727202-75-LE26,[727202-75-LE26] HABILITACIÓN PUNTOS DE CÁMARAS Y SALA DE MONITOREO,Done,I MUNICIPALIDAD DE VICUNA,Región de Coquimbo,2026-10-09,,,,
2026-10-10,1057509-318-LE26,[1057509-318-LE26] SERVICIO DE MANTENCIÓN PARA GENERADORES ELÉCTRICOS,Done,HOSPITAL CLINICO HERMINDA MARTIN,Región del Ñuble,2026-10-09,,,,
2026-10-10,2760-121-LE26,[2760-121-LE26] SUMNISTRO PARA PROVISIÓN Y OBRAS REPARACIÓN DE SEMÁFOROS COMUNA DE CORONEL,Done,I MUNICIPALIDAD DE CORONEL,Región del Biobío,2026-10-09,,,,
2026-10-10,1301883-26-LR26,[1301883-26-LR26] Mod. y ampliación del Subsistema de CCTV.,Done,SERVICIO NACIONAL DE REINSERCION SOCIAL JUVENIL,Región Metropolitana de Santiago,2026-10-09,,,,
2026-10-10,4024-27-LP26,[4024-27-LP26] CONSTRUCCIÓN DE SEMÁFORO ERNESTO RIQUELME CON SUBTENIENTE LUIS CRUZ MARTÍNEZ COMUNA DE SAN CARLOS,Done,ILUSTRE MUNICIPALIDAD DE SAN CARLOS,Región del Ñuble,2026-10-09,,,,
2026-10-10,1057390-36-LE26,[1057390-36-LE26] Serv. de Mant. de Radiocom.  HF y VHF SSAN,Done,SERVICIO DE SALUD ARAUCANIA NORTE,Región de la Araucanía,2026-10-09,,,,
2026-10-10,3573-49-LP26,[3573-49-LP26] RECAMBIO DE LUMINARIAS CIUDAD DE PANGUIPULLI ZONA PONIENTE,Done,I MUNICIPALIDAD DE PANGUIPULLI,Región de Los Ríos,2026-10-09,,,,
2026-10-10,5360-10-LE26,[5360-10-LE26] RECARGA Y MANTENCIÓN DE EXTINTORES UTA - ARICA,Done,UNIVERSIDAD DE TARAPACA,Región de Arica y Parinacota,2026-10-09,,,,
2026-10-10,729944-4-L126,[729944-4-L126] Servicio de mantención preventiva y correctiva de grupo electrógeno para el edificio del Juzgado de Garantía y Tribunal de Juicio Oral en Lo Penal de Cañete.,Done,CORP ADMINISTRATIVA DEL PODER JUDICIAL,Región del Biobío,2026-10-09,,,,
2026-10-10,3748-18-LE26,[3748-18-LE26] NORMALIZACIÓN PLANTA ELEVADORA PUNTA DE CHOROS,Done,I MUNICIPALIDAD DE LA HIGUERA,Región de Coquimbo,2026-10-09,,,,
2026-10-10,656-22-L126,[656-22-L126] Servicio integral de alarma y monitoreo para la Dirección Regional del SERVIU Región de Los Lagos,Done,SERVICIO DE VIVIENDA Y URBANIZACION X REGION,Región de los Lagos,2026-10-09,,,,
2026-10-10,1641-318-LR26,[1641-318-LR26] NBB - NORMALIZACION E INTEGRACION DEL SISTEMA ELECTRICO Y RESPALDO EXISTENTE,Done,SERVICIO DE SALUD OCCIDENTE HOSPITAL SAN JUAN DE DIOS,Región Metropolitana de Santiago,2026-10-13,,,,
2026-10-10,622847-16-LE26,[622847-16-LE26] SUMINISTRO E INSTALACIÓN PLANTA SOLAR FOTOVOLTAICA,Done,SERVICIO NACIONAL DEL PATRIMONIO CULTURAL,Región Metropolitana de Santiago,2026-10-13,,,,
2026-10-10,2345-145-LP26,[2345-145-LP26] MANTENCIÓN PREVENTIVA Y CORRECTIVA REPARACIONES MEJORAS Y URGENCIAS DE LOS GRUPOS GENERADORES DE LOS INMUEBLES DE LA MUNICIPALIDAD DE LAS CONDES,Done,I MUNICIPALIDAD DE LAS CONDES,Región Metropolitana de Santiago,2026-10-13,,,,
2026-10-10,4629-28-LE26,[4629-28-LE26] SISTEMA DE CONTROL DE ACCESO DT,Done,DIRECCION DEL TRABAJO,Región Metropolitana de Santiago,2026-10-13,,,,
2026-10-10,2686-129-LE26,[2686-129-LE26] “SERVICIO DE INSTALACIÓN CCTV Y ALARMAS DE LA MUNI,Done,I MUNICIPALIDAD DE COLINA,Región Metropolitana de Santiago,2026-10-13,,,,
2026-10-10,2767-34-LP26,[2767-34-LP26] INSTALACIÓN LUMINARIAS SOLARES,Done,I MUNICIPALIDAD DE LA CISTERNA,Región Metropolitana de Santiago,2026-10-13,,,,
2026-10-10,1057494-62-LP26,[1057494-62-LP26] MANTENIMIENTO SISTEMA DETECCIÓN Y EXTINCIÓN INCEND,Done,SERVICIO DE SALUD SUR HOSPITAL EXEQUIEL,Región Metropolitana de Santiago,2026-10-13,,,,
2026-10-10,3621-60-L126,[3621-60-L126] SERVICIO DE CALCULO ESTRUCTURAL PROYECTOS,Done,I MUNICIPALIDAD DE CABILDO,Región Metropolitana de Santiago,2026-10-13,,,,
2026-10-10,5482-97-LE26,[5482-97-LE26] “EJECUCIÓN TRABAJOS ELECTRICIDAD ILUMINACIÓN CORRIENTES DÉBILES SANITARIO Y CLIMA SECTOR CENTRAL 3° PISO EDIFICIO CONSISTORIAL”.,Done,I MUNICIPALIDAD DE NUNOA,Región Metropolitana de Santiago,2026-10-14,,,,
2026-10-10,728-13-LE26,[728-13-LE26] Servicio de automatización de Banco de Calibracion,Done,INSTITUTO NACIONAL DE HIDRAULICA,Región Metropolitana de Santiago,2026-10-14,,,,
2026-10-10,2392-51-LP26,[2392-51-LP26] Mantención Conservación Reposición e Instalación de Semáforos,Done,I MUNICIPALIDAD PEDRO AGUIRRE CERDA,Región Metropolitana de Santiago,2026-10-14,,,,
2026-10-10,548874-83-LP26,[548874-83-LP26] SERVICIO SUMINISTRO CERRAJERÍA CONTROL DE ACCESO,Done,INSTITUTO DE PREVISION SOCIAL,Región Metropolitana de Santiago,2026-10-14,,,,
2026-10-10,707428-33-LP26,[707428-33-LP26] REPOSICIÓN SISTEMA ELÉCTRICO JI PEÑALOLEN,Done,FUNDACION EDUCACIONAL PARA EL DESAROLLO INTEGRAL DE LA NIÑEZ,Región Metropolitana de Santiago,2026-10-14,,,,
2026-10-10,2184-13-LE26,[2184-13-LE26] Serv mant Red Húmeda y Seca Jdos Jurisdicción AZSM,Done,CORP ADMINISTRATIVA DEL PODER JUDICIAL,Región Metropolitana de Santiago,2026-10-14,,,,
2026-10-10,697209-4-LE26,[697209-4-LE26] PROVISIÓN E INSTALACIÓN DE UN GRUPO ELECTRÓGENO,Done,MINISTERIO PUBLICO,Región Aysén del General Carlos Ibáñez del Campo,2026-10-15,,,,
2026-10-10,837-110-LE26,[837-110-LE26] SC 565 CDP 604 Servicio Inspección Prueba y Mantención Anual de Redes Húmedas contra Incendio Nacional,Done,SERVICIO MEDICO LEGAL,Región Metropolitana de Santiago,2026-10-16,,,,
2026-10-10,2581-41-LR26,[2581-41-LR26] PUESTA A PUNTO ACTUALIZACIÓN Y MANTENCIÓN DEL SISTEMA COMUNAL DE TELEVIGILANCIA DE CONCHALÍ,Done,I MUNICIPALIDAD DE CONCHALI,Región Metropolitana de Santiago,2026-10-16,,,,
2026-10-10,1238177-19-LP26,[1238177-19-LP26] MANTENCIÓN DE CÁMARAS Y REDES DE TELEVIGILANCIA,Done,ASOCIACION DE MUNICIPIOS METROPOLITANOS PARA LA SEGURIDAD CIUDADANA,Región Metropolitana de Santiago,2026-10-16,,,,
2026-10-10,2563-43-LP26,[2563-43-LP26] Adquisición de cámaras IA y radares de seguridad,Done,DIRECCION GENERAL DE AERONAUTICA CIVIL,Región Metropolitana de Santiago,2026-10-19,,,,
2026-10-10,1388961-50-LP26,[1388961-50-LP26] Serv. de Normalización y Arreglos Eléctricos AMSZO,Done,ASOCIACION DE MUNICIPALIDADES PARA LA SEGURIDAD CIUDADANA EN LA ZONA ORIENTE,Región Metropolitana de Santiago,2026-10-19,,,,
2026-10-10,587-40-LE26,[587-40-LE26] Selico 115-2026. Control de acceso y alarma,Done,SUBSECRETARIA DEL MINISTERIO DE LA VIVIENDA Y URBANISMO,Región Metropolitana de Santiago,2026-10-19,,,,
2026-10-10,1074010-12-LP26,[1074010-12-LP26] Mantención de instalaciones eléctricas para el EMB,Done,SUBSECRETARIA DEL INTERIOR,Región Metropolitana de Santiago,2026-10-19,,,,
2026-10-10,1238177-20-LP26,[1238177-20-LP26] SUMINISTRO YO INSTALACIÓN DE VIDEOVIGILANCIA,Done,ASOCIACION DE MUNICIPIOS METROPOLITANOS PARA LA SEGURIDAD CIUDADANA,Región Metropolitana de Santiago,2026-10-20,,,,
2026-10-10,707429-34-LP26,[707429-34-LP26] REPOSICIÓN CUBIERTA Y ELECTRICO JI SAGRADA FAMILIA,Done,FUNDACION EDUCACIONAL PARA EL DESAROLLO INTEGRAL DE LA NIÑEZ,Región Metropolitana de Santiago,2026-10-21,,,,
2026-10-10,5178-19-LE26,[5178-19-LE26] NORMALIZACIÓN ELECTRICA DE LABORATORIO Y SALA,Done,UNIVERSIDAD DE CHILE,Región Metropolitana de Santiago,2026-10-21,,,,
2026-10-10,2345-139-LR26,[2345-139-LR26] Mantención Preventiva y Correctiva Reparaciones Mejoras y Urgencias de los Sistemas Eléctricos en los Inmuebles,Done,I MUNICIPALIDAD DE LAS CONDES,Región Metropolitana de Santiago,2026-10-22,,,,
2026-10-10,707428-34-LP26,[707428-34-LP26] REPOSICIÓN SISTEMA ELÉCTRICO JI SOL NACIENTE,Done,FUNDACION EDUCACIONAL PARA EL DESAROLLO INTEGRAL DE LA NIÑEZ,Región Metropolitana de Santiago,2026-10-22,,,,
2026-10-10,2423-67-LE26,[2423-67-LE26] SUMINISTRO E INSTALACIÓN DE SISTEMA DE TELEVIGILANCIA EN TORRES DE ILUMINACIÓN EXISTENTES COMUNA DE PUENTE ALTO,Done,I MUNICIPALIDAD DE PUENTE ALTO,Región Metropolitana de Santiago,2026-10-23,,,,
2026-10-10,584105-38-LP26,[584105-38-LP26] ADQUISICIÓN E INSTALACIÓN DE SISTEMAS FOTOVOLTAICOS CON INYECCIÓN A LA RED EN EL MARCO DEL CONCURSO FONDO DE ACCESO A LA ENERGÍA FV-01-2026,Done,SUBSECRETARIA DE ENERGIA,Región Metropolitana de Santiago,2026-10-23,,,,
2026-10-10,2963-34-LR26,[2963-34-LR26] SERVICIO DE MANTENCIÓN DE ALUMBRADO PÚBLICO,Done,I MUNICIPALIDAD DE LA GRANJA,Región Metropolitana de Santiago,2026-10-26,,,,
2026-10-10,3813-22-LR26,[3813-22-LR26] REPOSICIÓN E INTALACIÓN DE LUMINARIAS PÚBLICAS,Done,I MUNICIPALIDAD DE ISLA DE MAIPO,Región Metropolitana de Santiago,2026-10-27,,,,
2026-10-10,2755-35-LR26,[2755-35-LR26] CONTRATO MANTENIMIENTO SISTEMA ALUMBRADO PÚBLICO,Done,I MUNICIPALIDAD DE SAN ANTONIO,Región de Valparaíso,2026-10-29,,,,
2026-10-10,4031-17-LP26,[4031-17-LP26] SISTEMA DE CAMARAS DE TELEVIGILANCIA COMUNA CAMIÑA,Done,ILUSTRE MUNICIPALIDAD DE CAMINA,Región de Tarapacá,2026-10-30,,,,
2026-10-10,3612-23-LP26,[3612-23-LP26] REPOSICIÓN DE VEREDAS Y CONSTRUCCIÓN DE ILUMINACIÓN CALLE SAN SEBASTIÁN ENTRE 8 DE OCTUBRE Y 18 DE SEPTIEMBRE COMUNA DE SAAVEDRA,Done,I MUNICIPALIDAD DE SAAVEDRA,Región de la Araucanía,2026-10-30,,,,
2026-10-10,2408-168-LP26,[2408-168-LP26] INSTALACIÓN DE ALUMBRADO PÚBLICO RURAL LOS ÁNGELES,Done,I MUNICIPALIDAD DE LOS ANGELES,Región del Biobío,2026-11-03,,,,
2026-10-10,2709-63-LP26,[2709-63-LP26] CONSTRUCCIÓN ALUMBRADO PÚBLICO SECTOR URBANO Y RURAL DE LA COMUNA DE OVALLE CÓDIGO BIP 40073483-0,Done,MUNICIPALIDAD DE OVALLE,Región de Coquimbo,2026-11-03,,,,
2026-10-10,3595-31-LP26,[3595-31-LP26] ARQ. E ING.MEDIALUNA Y SALÓN MULTIUSO VILLA DARWIN,Done,ILUSTRE MUNICIPALIDAD DE RIO VERDE,Región de Magallanes y de la Antártica,2026-11-04,,,,
2026-10-10,592-18-LP26,[592-18-LP26] Servicio de Obras Menores en edificio NC y Otras,Done,SUBSECRETARIA DEL MINISTERIO DE EDUCACION PUBLICA,Región Metropolitana de Santiago,2026-11-09,,,,
2026-10-10,2378-119-LR26,[2378-119-LR26] CONCESIÓN DE MANTENCIÓN PARA SISTEMAS DE SEMÁFOROS,Done,I MUNICIPALIDAD DE LA FLORIDA,Región Metropolitana de Santiago,2026-11-10,,,,
2026-10-10,425-57-LR26,[425-57-LR26] SERVICIO DE INSPECCIÓN TÉCNICA PARA LA HABILITACIÓN DEL CENTRO DE JUSTICIA DE TEMUCO - TRIBUNAL DE FAMILIA CIVILES 1° 2° Y 3° JUZGADO DE LETRAS Y DE FAMILIA Y JUZGADO DE LETRAS DEL TRABAJO,Done,CORP ADMINISTRATIVA DEL PODER JUDICIAL,Región Metropolitana de Santiago,2026-11-13,,,,
2026-10-10,2426-51-LR26,[2426-51-LR26] MEJORAMIENTO PARQUE DE ALUMBRADO PÚBLICO ETAPA 1,Done,I MUNICIPALIDAD DE VALPARAISO,Región de Valparaíso,2026-12-01,,,,
2026-10-10,1479098-29-L126,[1479098-29-L126] PTR N°522 - SUMINISTRO DE EQUIPOS DE ILUMINACION Y RESPUESTOS.,Done,I MUNICIPALIDAD DE VITACURA,Región Metropolitana de Santiago,2026-10-09,,,Ingeniería eléctrica y potencia,https://www.mercadopublico.cl/Procurement/Modules/RFB/DetailsAcquisition.aspx?idlicitacion=1479098-29-L126
2026-10-10,1417913-112-LE26,[1417913-112-LE26] SERVICIO DE ARRIENDO DE GRUPOS ELECTRÓGENOS PARA ESTABLECIMIENTOS DE SALUD DE CORMUDESI POR 24 MESES,Done,CORP MUNICIPAL DE DESARROLLO SOCIAL DE IQUIQUE,Región de Tarapacá,2026-10-09,,,Ingeniería eléctrica y potencia,https://www.mercadopublico.cl/Procurement/Modules/RFB/DetailsAcquisition.aspx?idlicitacion=1417913-112-LE26
2026-10-10,2709-83-LE26,[2709-83-LE26] ADQUISICION DE MATERIALES PARA MANTENCION DE ALUMBRADO PUBLICO,Done,MUNICIPALIDAD DE OVALLE,Región de Coquimbo,2026-10-09,,,Ingeniería eléctrica y potencia,https://www.mercadopublico.cl/Procurement/Modules/RFB/DetailsAcquisition.aspx?idlicitacion=2709-83-LE26
2026-10-10,2585-140-LE26,[2585-140-LE26] ADQ. ELEMENTOS PARA ALUMBRADO PÚBLICO DIMAO ORD N° 8612026 LSV IMA,Done,I MUNICIPALIDAD DE ARICA,Región de Arica y Parinacota,2026-10-09,,,Ingeniería eléctrica y potencia,https://www.mercadopublico.cl/Procurement/Modules/RFB/DetailsAcquisition.aspx?idlicitacion=2585-140-LE26
2026-10-10,4469-196-L126,[4469-196-L126] SC 40626 (JRA) - ADQ DE SERVIDOR Y UPS VICEACA UPA 24991.,Done,UNIVERSIDAD DE PLAYA ANCHA DE CIENCIAS DE LA EDUCACION,Región Metropolitana de Santiago,2026-10-09,,,Ingeniería eléctrica y potencia,https://www.mercadopublico.cl/Procurement/Modules/RFB/DetailsAcquisition.aspx?idlicitacion=4469-196-L126
2026-10-10,425-36-LP26,[425-36-LP26] ITO Reemplazo sist de Climatización VRF Juzg Stgo,Done,CORP ADMINISTRATIVA DEL PODER JUDICIAL,Región Metropolitana de Santiago,2026-10-09,,,Construcción y montaje,https://www.mercadopublico.cl/Procurement/Modules/RFB/DetailsAcquisition.aspx?idlicitacion=425-36-LP26
2026-10-10,610-19-LE26,[610-19-LE26] Base de datos Plexos del Sistema Eléctrico Nacional,Done,Comisión Nacional de Energía,Región Metropolitana de Santiago,2026-10-09,,,Ingeniería eléctrica y potencia,https://www.mercadopublico.cl/Procurement/Modules/RFB/DetailsAcquisition.aspx?idlicitacion=610-19-LE26
2026-10-10,5684-13-LE26,[5684-13-LE26] Licencia de Software Cámaras de Vigilancia,Done,UNIVERSIDAD DE CHILE,Región Metropolitana de Santiago,2026-10-09,,,Telecomunicaciones,https://www.mercadopublico.cl/Procurement/Modules/RFB/DetailsAcquisition.aspx?idlicitacion=5684-13-LE26
2026-10-10,1230750-18-LE26,[1230750-18-LE26] EQUIPAMIENTO DE ILUMINACIÓN TEATRO SALA PATRICIO K,Done,Corporación Municipal De Cultura y Deportes de Recoleta,Región Metropolitana de Santiago,2026-10-09,,,Ingeniería eléctrica y potencia,https://www.mercadopublico.cl/Procurement/Modules/RFB/DetailsAcquisition.aspx?idlicitacion=1230750-18-LE26
2026-10-10,2658-333-L126,[2658-333-L126] LUMINARIAS,Done,I MUNICIPALIDAD DE ANCUD,Región Metropolitana de Santiago,2026-10-09,,,Ingeniería eléctrica y potencia,https://www.mercadopublico.cl/Procurement/Modules/RFB/DetailsAcquisition.aspx?idlicitacion=2658-333-L126
2026-10-10,1186229-34-LR26,[1186229-34-LR26] Servicios de trabajos eléctricos,Done,SERVICIO DE REGISTRO CIVIL E IDENTIFICACION,Región Metropolitana de Santiago,2026-11-20,,No publicado,Ingeniería eléctrica y potencia,https://www.mercadopublico.cl/Procurement/Modules/RFB/DetailsAcquisition.aspx?idlicitacion=1186229-34-LR26
